date,store,units_sold
2024-01-01,downtown,829.0
2024-01-02,downtown,970.0
2024-01-03,downtown,900.0
2024-01-04,downtown,971.0
2024-01-05,downtown,984.0
2024-01-06,downtown,1406.0
2024-01-07,downtown,1230.0
2024-01-08,downtown,818.0
2024-01-09,downtown,977.0
2024-01-10,downtown,971.0
2024-01-11,downtown,946.0
2024-01-12,downtown,1099.0
2024-01-13,downtown,1514.0
2024-01-14,downtown,1438.0
2024-01-15,downtown,855.0
2024-01-16,downtown,798.0
2024-01-17,downtown,948.0
2024-01-18,downtown,942.0
2024-01-19,downtown,1100.0
2024-01-20,downtown,1420.0
2024-01-21,downtown,1212.0
2024-01-22,downtown,697.0
2024-01-23,downtown,839.0
2024-01-24,downtown,967.0
2024-01-25,downtown,1132.0
2024-01-26,downtown,1266.0
2024-01-27,downtown,1501.0
2024-01-28,downtown,1274.0
2024-01-29,downtown,986.0
2024-01-30,downtown,956.0
2024-01-31,downtown,926.0
2024-02-01,downtown,1159.0
2024-02-02,downtown,1258.0
2024-02-03,downtown,1328.0
2024-02-04,downtown,1194.0
2024-02-05,downtown,834.0
2024-02-06,downtown,879.0
2024-02-07,downtown,932.0
2024-02-08,downtown,970.0
2024-02-09,downtown,1145.0
2024-02-10,downtown,1656.0
2024-02-11,downtown,1362.0
2024-02-12,downtown,919.0
2024-02-13,downtown,892.0
2024-02-14,downtown,974.0
2024-02-15,downtown,1074.0
2024-02-16,downtown,1054.0
2024-02-17,downtown,1350.0
2024-02-18,downtown,1473.0
2024-02-19,downtown,1003.0
2024-02-20,downtown,949.0
2024-02-21,downtown,1058.0
2024-02-22,downtown,1097.0
2024-02-23,downtown,1292.0
2024-02-24,downtown,1426.0
2024-02-25,downtown,1293.0
2024-02-26,downtown,878.0
2024-02-27,downtown,1024.0
2024-02-28,downtown,946.0
2024-02-29,downtown,1071.0
2024-03-01,downtown,1280.0
2024-03-02,downtown,1568.0
2024-03-03,downtown,1284.0
2024-03-04,downtown,1001.0
2024-03-05,downtown,987.0
2024-03-06,downtown,1062.0
2024-03-07,downtown,1255.0
2024-03-08,downtown,1259.0
2024-03-09,downtown,1633.0
2024-03-10,downtown,1332.0
2024-03-11,downtown,970.0
2024-03-12,downtown,892.0
2024-03-13,downtown,1197.0
2024-03-14,downtown,1152.0
2024-03-15,downtown,1437.0
2024-03-16,downtown,1657.0
2024-03-17,downtown,1339.0
2024-03-18,downtown,1010.0
2024-03-19,downtown,960.0
2024-03-20,downtown,1055.0
2024-03-21,downtown,1273.0
2024-03-22,downtown,1442.0
2024-03-23,downtown,1640.0
2024-03-24,downtown,1546.0
2024-03-25,downtown,949.0
2024-03-26,downtown,1087.0
2024-03-27,downtown,1142.0
2024-03-28,downtown,1313.0
2024-03-29,downtown,1517.0
2024-03-30,downtown,1556.0
2024-03-31,downtown,1332.0
2024-04-01,downtown,953.0
2024-04-02,downtown,1257.0
2024-04-03,downtown,1181.0
2024-04-04,downtown,1308.0
2024-04-05,downtown,1466.0
2024-04-06,downtown,1807.0
2024-04-07,downtown,1534.0
2024-04-08,downtown,1213.0
2024-04-09,downtown,1283.0
2024-04-10,downtown,1216.0
2024-04-11,downtown,1485.0
2024-04-12,downtown,1512.0
2024-04-13,downtown,2112.0
2024-04-14,downtown,1427.0
2024-04-15,downtown,1090.0
2024-04-16,downtown,1184.0
2024-04-17,downtown,1219.0
2024-04-18,downtown,1274.0
2024-04-19,downtown,1513.0
2024-04-20,downtown,1886.0
2024-04-21,downtown,1649.0
2024-04-22,downtown,1224.0
2024-04-23,downtown,1238.0
2024-04-24,downtown,1350.0
2024-04-25,downtown,1309.0
2024-04-26,downtown,1515.0
2024-04-27,downtown,2095.0
2024-04-28,downtown,1735.0
2024-04-29,downtown,1135.0
2024-04-30,downtown,1188.0
2024-05-01,downtown,1359.0
2024-05-02,downtown,1281.0
2024-05-03,downtown,1566.0
2024-05-04,downtown,1728.0
2024-05-05,downtown,1982.0
2024-05-06,downtown,1127.0
2024-05-07,downtown,1370.0
2024-05-08,downtown,1366.0
2024-05-09,downtown,1366.0
2024-05-10,downtown,1479.0
2024-05-11,downtown,2209.0
2024-05-12,downtown,1780.0
2024-05-13,downtown,1118.0
2024-05-14,downtown,1490.0
2024-05-15,downtown,1294.0
2024-05-16,downtown,1556.0
2024-05-17,downtown,1734.0
2024-05-18,downtown,1979.0
2024-05-19,downtown,1758.0
2024-05-20,downtown,1395.0
2024-05-21,downtown,1495.0
2024-05-22,downtown,1408.0
2024-05-23,downtown,1494.0
2024-05-24,downtown,1613.0
2024-05-25,downtown,2350.0
2024-05-26,downtown,1772.0
2024-05-27,downtown,1378.0
2024-05-28,downtown,1452.0
2024-05-29,downtown,1599.0
2024-05-30,downtown,1419.0
2024-05-31,downtown,1899.0
2024-06-01,downtown,1859.0
2024-06-02,downtown,1737.0
2024-06-03,downtown,1305.0
2024-06-04,downtown,1349.0
2024-06-05,downtown,1486.0
2024-06-06,downtown,1531.0
2024-06-07,downtown,1895.0
2024-06-08,downtown,2050.0
2024-06-09,downtown,1798.0
2024-06-10,downtown,1256.0
2024-06-11,downtown,1689.0
2024-06-12,downtown,1261.0
2024-06-13,downtown,1683.0
2024-06-14,downtown,1547.0
2024-06-15,downtown,2206.0
2024-06-16,downtown,2115.0
2024-06-17,downtown,1422.0
2024-06-18,downtown,1510.0
2024-06-19,downtown,1621.0
2024-06-20,downtown,1433.0
2024-06-21,downtown,1593.0
2024-06-22,downtown,2467.0
2024-06-23,downtown,2003.0
2024-06-24,downtown,1309.0
2024-06-25,downtown,1750.0
2024-06-26,downtown,1504.0
2024-06-27,downtown,1724.0
2024-06-28,downtown,1619.0
2024-06-29,downtown,2359.0
2024-06-30,downtown,1877.0
2024-07-01,downtown,1341.0
2024-07-02,downtown,1345.0
2024-07-03,downtown,1530.0
2024-07-04,downtown,1649.0
2024-07-05,downtown,1914.0
2024-07-06,downtown,2255.0
2024-07-07,downtown,1934.0
2024-07-08,downtown,1496.0
2024-07-09,downtown,1571.0
2024-07-10,downtown,1693.0
2024-07-11,downtown,1431.0
2024-07-12,downtown,1858.0
2024-07-13,downtown,2276.0
2024-07-14,downtown,1870.0
2024-07-15,downtown,1342.0
2024-07-16,downtown,1515.0
2024-07-17,downtown,1505.0
2024-07-18,downtown,1568.0
2024-07-19,downtown,1819.0
2024-07-20,downtown,2597.0
2024-07-21,downtown,1831.0
2024-07-22,downtown,1470.0
2024-07-23,downtown,1493.0
2024-07-24,downtown,1533.0
2024-07-25,downtown,1608.0
2024-07-26,downtown,2085.0
2024-07-27,downtown,2474.0
2024-07-28,downtown,1983.0
2024-07-29,downtown,1128.0
2024-07-30,downtown,1386.0
2024-07-31,downtown,1610.0
2024-08-01,downtown,1777.0
2024-08-02,downtown,1649.0
2024-08-03,downtown,2244.0
2024-08-04,downtown,2236.0
2024-08-05,downtown,1179.0
2024-08-06,downtown,1530.0
2024-08-07,downtown,1531.0
2024-08-08,downtown,1294.0
2024-08-09,downtown,1990.0
2024-08-10,downtown,2469.0
2024-08-11,downtown,1875.0
2024-08-12,downtown,1288.0
2024-08-13,downtown,1371.0
2024-08-14,downtown,1456.0
2024-08-15,downtown,1483.0
2024-08-16,downtown,1760.0
2024-08-17,downtown,2317.0
2024-08-18,downtown,1976.0
2024-08-19,downtown,1394.0
2024-08-20,downtown,1281.0
2024-08-21,downtown,1429.0
2024-08-22,downtown,1449.0
2024-08-23,downtown,1742.0
2024-08-24,downtown,2533.0
2024-08-25,downtown,1822.0
2024-08-26,downtown,1310.0
2024-08-27,downtown,1367.0
2024-08-28,downtown,1361.0
2024-08-29,downtown,1476.0
2024-08-30,downtown,1863.0
2024-08-31,downtown,2311.0
2024-09-01,downtown,1911.0
2024-09-02,downtown,1435.0
2024-09-03,downtown,1381.0
2024-09-04,downtown,1459.0
2024-09-05,downtown,1558.0
2024-09-06,downtown,2078.0
2024-09-07,downtown,2228.0
2024-09-08,downtown,1849.0
2024-09-09,downtown,1301.0
2024-09-10,downtown,1422.0
2024-09-11,downtown,1395.0
2024-09-12,downtown,1564.0
2024-09-13,downtown,1900.0
2024-09-14,downtown,2174.0
2024-09-15,downtown,1971.0
2024-09-16,downtown,1283.0
2024-09-17,downtown,1258.0
2024-09-18,downtown,1506.0
2024-09-19,downtown,1657.0
2024-09-20,downtown,1560.0
2024-09-21,downtown,2007.0
2024-09-22,downtown,1853.0
2024-09-23,downtown,1270.0
2024-09-24,downtown,1224.0
2024-09-25,downtown,1458.0
2024-09-26,downtown,1448.0
2024-09-27,downtown,1816.0
2024-09-28,downtown,2198.0
2024-09-29,downtown,1863.0
2024-09-30,downtown,1371.0
2024-10-01,downtown,1245.0
2024-10-02,downtown,1417.0
2024-10-03,downtown,1377.0
2024-10-04,downtown,1643.0
2024-10-05,downtown,2134.0
2024-10-06,downtown,1844.0
2024-10-07,downtown,1255.0
2024-10-08,downtown,1272.0
2024-10-09,downtown,1359.0
2024-10-10,downtown,1288.0
2024-10-11,downtown,1615.0
2024-10-12,downtown,1875.0
2024-10-13,downtown,1765.0
2024-10-14,downtown,1228.0
2024-10-15,downtown,1278.0
2024-10-16,downtown,1430.0
2024-10-17,downtown,1521.0
2024-10-18,downtown,1508.0
2024-10-19,downtown,2054.0
2024-10-20,downtown,1535.0
2024-10-21,downtown,1203.0
2024-10-22,downtown,1469.0
2024-10-23,downtown,1351.0
2024-10-24,downtown,1251.0
2024-10-25,downtown,1647.0
2024-10-26,downtown,2033.0
2024-10-27,downtown,1585.0
2024-10-28,downtown,1201.0
2024-10-29,downtown,1345.0
2024-10-30,downtown,1239.0
2024-10-31,downtown,1431.0
2024-11-01,downtown,1627.0
2024-11-02,downtown,1765.0
2024-11-03,downtown,1544.0
2024-11-04,downtown,1130.0
2024-11-05,downtown,1322.0
2024-11-06,downtown,1319.0
2024-11-07,downtown,1388.0
2024-11-08,downtown,1566.0
2024-11-09,downtown,2026.0
2024-11-10,downtown,1742.0
2024-11-11,downtown,1175.0
2024-11-12,downtown,1224.0
2024-11-13,downtown,1262.0
2024-11-14,downtown,1387.0
2024-11-15,downtown,1456.0
2024-11-16,downtown,1860.0
2024-11-17,downtown,1383.0
2024-11-18,downtown,1158.0
2024-11-19,downtown,1171.0
2024-11-20,downtown,1232.0
2024-11-21,downtown,1319.0
2024-11-22,downtown,1767.0
2024-11-23,downtown,1946.0
2024-11-24,downtown,1580.0
2024-11-25,downtown,1098.0
2024-11-26,downtown,1139.0
2024-11-27,downtown,1080.0
2024-11-28,downtown,1169.0
2024-11-29,downtown,1503.0
2024-11-30,downtown,2065.0
2024-12-01,downtown,1466.0
2024-12-02,downtown,1136.0
2024-12-03,downtown,1065.0
2024-12-04,downtown,1113.0
2024-12-05,downtown,1202.0
2024-12-06,downtown,1411.0
2024-12-07,downtown,1772.0
2024-12-08,downtown,1610.0
2024-12-09,downtown,1182.0
2024-12-10,downtown,1142.0
2024-12-11,downtown,1131.0
2024-12-12,downtown,1249.0
2024-12-13,downtown,1326.0
2024-12-14,downtown,1679.0
2024-12-15,downtown,1636.0
2024-12-16,downtown,1199.0
2024-12-17,downtown,1164.0
2024-12-18,downtown,1210.0
2024-12-19,downtown,1159.0
2024-12-20,downtown,1240.0
2024-12-21,downtown,1613.0
2024-12-22,downtown,1349.0
2024-12-23,downtown,1171.0
2024-12-24,downtown,1228.0
2024-12-25,downtown,1263.0
2024-12-26,downtown,1403.0
2024-12-27,downtown,1485.0
2024-12-28,downtown,1744.0
2024-12-29,downtown,1574.0
2024-12-30,downtown,1138.0
2024-12-31,downtown,1050.0
2025-01-01,downtown,1125.0
2025-01-02,downtown,1217.0
2025-01-03,downtown,1578.0
2025-01-04,downtown,1551.0
2025-01-05,downtown,1388.0
2025-01-06,downtown,1001.0
2025-01-07,downtown,1238.0
2025-01-08,downtown,1101.0
2025-01-09,downtown,1215.0
2025-01-10,downtown,1326.0
2025-01-11,downtown,1754.0
2025-01-12,downtown,1447.0
2025-01-13,downtown,1069.0
2025-01-14,downtown,1139.0
2025-01-15,downtown,1312.0
2025-01-16,downtown,1415.0
2025-01-17,downtown,1607.0
2025-01-18,downtown,1734.0
2025-01-19,downtown,1593.0
2025-01-20,downtown,1056.0
2025-01-21,downtown,1086.0
2025-01-22,downtown,1287.0
2025-01-23,downtown,1339.0
2025-01-24,downtown,1378.0
2025-01-25,downtown,1747.0
2025-01-26,downtown,1523.0
2025-01-27,downtown,1082.0
2025-01-28,downtown,1149.0
2025-01-29,downtown,1242.0
2025-01-30,downtown,1339.0
2025-01-31,downtown,1592.0
2025-02-01,downtown,1731.0
2025-02-02,downtown,1544.0
2025-02-03,downtown,1219.0
2025-02-04,downtown,1194.0
2025-02-05,downtown,1312.0
2025-02-06,downtown,1366.0
2025-02-07,downtown,1426.0
2025-02-08,downtown,1709.0
2025-02-09,downtown,1611.0
2025-02-10,downtown,976.0
2025-02-11,downtown,1304.0
2025-02-12,downtown,1355.0
2025-02-13,downtown,1421.0
2025-02-14,downtown,1514.0
2025-02-15,downtown,1823.0
2025-02-16,downtown,1517.0
2025-02-17,downtown,1088.0
2025-02-18,downtown,1232.0
2025-02-19,downtown,1233.0
2025-02-20,downtown,1449.0
2025-02-21,downtown,1575.0
2025-02-22,downtown,1905.0
2025-02-23,downtown,1673.0
2025-02-24,downtown,1342.0
2025-02-25,downtown,1211.0
2025-02-26,downtown,1291.0
2025-02-27,downtown,1609.0
2025-02-28,downtown,1620.0
2025-03-01,downtown,2088.0
2025-03-02,downtown,1783.0
2025-03-03,downtown,1058.0
2025-03-04,downtown,1195.0
2025-03-05,downtown,1266.0
2025-03-06,downtown,1482.0
2025-03-07,downtown,1729.0
2025-03-08,downtown,2033.0
2025-03-09,downtown,1666.0
2025-03-10,downtown,1225.0
2025-03-11,downtown,1349.0
2025-03-12,downtown,1418.0
2025-03-13,downtown,1364.0
2025-03-14,downtown,1641.0
2025-03-15,downtown,2018.0
2025-03-16,downtown,1915.0
2025-03-17,downtown,1191.0
2025-03-18,downtown,1334.0
2025-03-19,downtown,1420.0
2025-03-20,downtown,1579.0
2025-03-21,downtown,1801.0
2025-03-22,downtown,2472.0
2025-03-23,downtown,1642.0
2025-03-24,downtown,1330.0
2025-03-25,downtown,1382.0
2025-03-26,downtown,1485.0
2025-03-27,downtown,1447.0
2025-03-28,downtown,1617.0
2025-03-29,downtown,2222.0
2025-03-30,downtown,1773.0
2025-03-31,downtown,1318.0
2025-04-01,downtown,1447.0
2025-04-02,downtown,1288.0
2025-04-03,downtown,1205.0
2025-04-04,downtown,1850.0
2025-04-05,downtown,2192.0
2025-04-06,downtown,1868.0
2025-04-07,downtown,1354.0
2025-04-08,downtown,1413.0
2025-04-09,downtown,1509.0
2025-04-10,downtown,1426.0
2025-04-11,downtown,1880.0
2025-04-12,downtown,2096.0
2025-04-13,downtown,1811.0
2025-04-14,downtown,1477.0
2025-04-15,downtown,1465.0
2025-04-16,downtown,1566.0
2025-04-17,downtown,1645.0
2025-04-18,downtown,1744.0
2025-04-19,downtown,2493.0
2025-04-20,downtown,1883.0
2025-04-21,downtown,1441.0
2025-04-22,downtown,1428.0
2025-04-23,downtown,1763.0
2025-04-24,downtown,1601.0
2025-04-25,downtown,2229.0
2025-04-26,downtown,2645.0
2025-04-27,downtown,1880.0
2025-04-28,downtown,1545.0
2025-04-29,downtown,1748.0
2025-04-30,downtown,1760.0
2025-05-01,downtown,1623.0
2025-05-02,downtown,1946.0
2025-05-03,downtown,2398.0
2025-05-04,downtown,2045.0
2025-05-05,downtown,1439.0
2025-05-06,downtown,1562.0
2025-05-07,downtown,1812.0
2025-05-08,downtown,1550.0
2025-05-09,downtown,2378.0
2025-05-10,downtown,2544.0
2025-05-11,downtown,2437.0
2025-05-12,downtown,1585.0
2025-05-13,downtown,1644.0
2025-05-14,downtown,1702.0
2025-05-15,downtown,1751.0
2025-05-16,downtown,2123.0
2025-05-17,downtown,2687.0
2025-05-18,downtown,2306.0
2025-05-19,downtown,1752.0
2025-05-20,downtown,1534.0
2025-05-21,downtown,1858.0
2025-05-22,downtown,1721.0
2025-05-23,downtown,2128.0
2025-05-24,downtown,2546.0
2025-05-25,downtown,2429.0
2025-05-26,downtown,1548.0
2025-05-27,downtown,1701.0
2025-05-28,downtown,1898.0
2025-05-29,downtown,1891.0
2025-05-30,downtown,2339.0
2025-05-31,downtown,2568.0
2025-06-01,downtown,2555.0
2025-06-02,downtown,1652.0
2025-06-03,downtown,1640.0
2025-06-04,downtown,1911.0
2025-06-05,downtown,2055.0
2025-06-06,downtown,2219.0
2025-06-07,downtown,2495.0
2025-06-08,downtown,2459.0
2025-06-09,downtown,1715.0
2025-06-10,downtown,1600.0
2025-06-11,downtown,1858.0
2025-06-12,downtown,2004.0
2025-06-13,downtown,2152.0
2025-06-14,downtown,2844.0
2025-06-15,downtown,2163.0
2025-06-16,downtown,1834.0
2025-06-17,downtown,1797.0
2025-06-18,downtown,1867.0
2025-06-19,downtown,1742.0
2025-06-20,downtown,2342.0
2025-06-21,downtown,2802.0
2025-06-22,downtown,2466.0
2025-06-23,downtown,1705.0
2025-06-24,downtown,2026.0
2025-06-25,downtown,1894.0
2025-06-26,downtown,1912.0
2025-06-27,downtown,2155.0
2025-06-28,downtown,2787.0
2025-06-29,downtown,2374.0
2025-06-30,downtown,1554.0
2025-07-01,downtown,1739.0
2025-07-02,downtown,1909.0
2025-07-03,downtown,1723.0
2025-07-04,downtown,2512.0
2025-07-05,downtown,2581.0
2025-07-06,downtown,2697.0
2025-07-07,downtown,1768.0
2025-07-08,downtown,1703.0
2025-07-09,downtown,1892.0
2025-07-10,downtown,2207.0
2025-07-11,downtown,2306.0
2025-07-12,downtown,2717.0
2025-07-13,downtown,2254.0
2025-07-14,downtown,1828.0
2025-07-15,downtown,1859.0
2025-07-16,downtown,2385.0
2025-07-17,downtown,1830.0
2025-07-18,downtown,2310.0
2025-07-19,downtown,2814.0
2025-07-20,downtown,2624.0
2025-07-21,downtown,1708.0
2025-07-22,downtown,1869.0
2025-07-23,downtown,2013.0
2025-07-24,downtown,2136.0
2025-07-25,downtown,2035.0
2025-07-26,downtown,2771.0
2025-07-27,downtown,2112.0
2025-07-28,downtown,1831.0
2025-07-29,downtown,1737.0
2025-07-30,downtown,1676.0
2025-07-31,downtown,1877.0
2025-08-01,downtown,2247.0
2025-08-02,downtown,2459.0
2025-08-03,downtown,2328.0
2025-08-04,downtown,1794.0
2025-08-05,downtown,1883.0
2025-08-06,downtown,2057.0
2025-08-07,downtown,1793.0
2025-08-08,downtown,2249.0
2025-08-09,downtown,2626.0
2025-08-10,downtown,2372.0
2025-08-11,downtown,1748.0
2025-08-12,downtown,1698.0
2025-08-13,downtown,2001.0
2025-08-14,downtown,1727.0
2025-08-15,downtown,2266.0
2025-08-16,downtown,2958.0
2025-08-17,downtown,2526.0
2025-08-18,downtown,1848.0
2025-08-19,downtown,1892.0
2025-08-20,downtown,1868.0
2025-08-21,downtown,1771.0
2025-08-22,downtown,2350.0
2025-08-23,downtown,2785.0
2025-08-24,downtown,2597.0
2025-08-25,downtown,1289.0
2025-08-26,downtown,1732.0
2025-08-27,downtown,2057.0
2025-08-28,downtown,1809.0
2025-08-29,downtown,2654.0
2025-08-30,downtown,2426.0
2025-08-31,downtown,2489.0
2025-09-01,downtown,1548.0
2025-09-02,downtown,1618.0
2025-09-03,downtown,1844.0
2025-09-04,downtown,1845.0
2025-09-05,downtown,2474.0
2025-09-06,downtown,2666.0
2025-09-07,downtown,2308.0
2025-09-08,downtown,1660.0
2025-09-09,downtown,2086.0
2025-09-10,downtown,1902.0
2025-09-11,downtown,2012.0
2025-09-12,downtown,2291.0
2025-09-13,downtown,2657.0
2025-09-14,downtown,2253.0
2025-09-15,downtown,1717.0
2025-09-16,downtown,1621.0
2025-09-17,downtown,1570.0
2025-09-18,downtown,2116.0
2025-09-19,downtown,2269.0
2025-09-20,downtown,2580.0
2025-09-21,downtown,2538.0
2025-09-22,downtown,1665.0
2025-09-23,downtown,1784.0
2025-09-24,downtown,1615.0
2025-09-25,downtown,1688.0
2025-09-26,downtown,2136.0
2025-09-27,downtown,2592.0
2025-09-28,downtown,2264.0
2025-09-29,downtown,1459.0
2025-09-30,downtown,1923.0
2025-10-01,downtown,1514.0
2025-10-02,downtown,1936.0
2025-10-03,downtown,1969.0
2025-10-04,downtown,2510.0
2025-10-05,downtown,2035.0
2025-10-06,downtown,1420.0
2025-10-07,downtown,1787.0
2025-10-08,downtown,1931.0
2025-10-09,downtown,1683.0
2025-10-10,downtown,2123.0
2025-10-11,downtown,2369.0
2025-10-12,downtown,2112.0
2025-10-13,downtown,1572.0
2025-10-14,downtown,1442.0
2025-10-15,downtown,1755.0
2025-10-16,downtown,1617.0
2025-10-17,downtown,2113.0
2025-10-18,downtown,2253.0
2025-10-19,downtown,2021.0
2025-10-20,downtown,1653.0
2025-10-21,downtown,1530.0
2025-10-22,downtown,1874.0
2025-10-23,downtown,1797.0
2025-10-24,downtown,2025.0
2025-10-25,downtown,2314.0
2025-10-26,downtown,1693.0
2025-10-27,downtown,1328.0
2025-10-28,downtown,1617.0
2025-10-29,downtown,1576.0
2025-10-30,downtown,1799.0
2025-10-31,downtown,2015.0
2025-11-01,downtown,2203.0
2025-11-02,downtown,1936.0
2025-11-03,downtown,1273.0
2025-11-04,downtown,1702.0
2025-11-05,downtown,1558.0
2025-11-06,downtown,1790.0
2025-11-07,downtown,1835.0
2025-11-08,downtown,2297.0
2025-11-09,downtown,1977.0
2025-11-10,downtown,1279.0
2025-11-11,downtown,1756.0
2025-11-12,downtown,1612.0
2025-11-13,downtown,1688.0
2025-11-14,downtown,1804.0
2025-11-15,downtown,2259.0
2025-11-16,downtown,1860.0
2025-11-17,downtown,1277.0
2025-11-18,downtown,1530.0
2025-11-19,downtown,1445.0
2025-11-20,downtown,1900.0
2025-11-21,downtown,1926.0
2025-11-22,downtown,2301.0
2025-11-23,downtown,1727.0
2025-11-24,downtown,1474.0
2025-11-25,downtown,1700.0
2025-11-26,downtown,1660.0
2025-11-27,downtown,1585.0
2025-11-28,downtown,1723.0
2025-11-29,downtown,2190.0
2025-11-30,downtown,2088.0
2025-12-01,downtown,1268.0
2025-12-02,downtown,1438.0
2025-12-03,downtown,1411.0
2025-12-04,downtown,1520.0
2025-12-05,downtown,1723.0
2025-12-06,downtown,1958.0
2025-12-07,downtown,1666.0
2025-12-08,downtown,1423.0
2025-12-09,downtown,1316.0
2025-12-10,downtown,1456.0
2025-12-11,downtown,1600.0
2025-12-12,downtown,1740.0
2025-12-13,downtown,2009.0
2025-12-14,downtown,1797.0
2025-12-15,downtown,1254.0
2025-12-16,downtown,1317.0
2025-12-17,downtown,1363.0
2025-12-18,downtown,1464.0
2025-12-19,downtown,1707.0
2025-12-20,downtown,2167.0
2025-12-21,downtown,2026.0
2025-12-22,downtown,1400.0
2025-12-23,downtown,1546.0
2025-12-24,downtown,1489.0
2025-12-25,downtown,1440.0
2025-12-26,downtown,1751.0
2025-12-27,downtown,1983.0
2025-12-28,downtown,1797.0
2025-12-29,downtown,1245.0
2025-12-30,downtown,1463.0
2025-12-31,downtown,1263.0
2026-01-01,downtown,1569.0
2026-01-02,downtown,1605.0
2026-01-03,downtown,2346.0
2026-01-04,downtown,1773.0
2026-01-05,downtown,1303.0
2026-01-06,downtown,1485.0
2026-01-07,downtown,1470.0
2026-01-08,downtown,1734.0
2026-01-09,downtown,1754.0
2026-01-10,downtown,2094.0
2026-01-11,downtown,1686.0
2026-01-12,downtown,1238.0
2026-01-13,downtown,1407.0
2026-01-14,downtown,1429.0
2026-01-15,downtown,1575.0
2026-01-16,downtown,1905.0
2026-01-17,downtown,2290.0
2026-01-18,downtown,2056.0
2026-01-19,downtown,1202.0
2026-01-20,downtown,1279.0
2026-01-21,downtown,1431.0
2026-01-22,downtown,1320.0
2026-01-23,downtown,2065.0
2026-01-24,downtown,2483.0
2026-01-25,downtown,1949.0
2026-01-26,downtown,1403.0
2026-01-27,downtown,1249.0
2026-01-28,downtown,1539.0
2026-01-29,downtown,1633.0
2026-01-30,downtown,1657.0
2026-01-31,downtown,2124.0
2026-02-01,downtown,1817.0
2026-02-02,downtown,1384.0
2026-02-03,downtown,1527.0
2026-02-04,downtown,1386.0
2026-02-05,downtown,1676.0
2026-02-06,downtown,1811.0
2026-02-07,downtown,2331.0
2026-02-08,downtown,2010.0
2026-02-09,downtown,1362.0
2026-02-10,downtown,1410.0
2026-02-11,downtown,1787.0
2026-02-12,downtown,1824.0
2026-02-13,downtown,2120.0
2026-02-14,downtown,2291.0
2026-02-15,downtown,2154.0
2026-02-16,downtown,1261.0
2026-02-17,downtown,1355.0
2026-02-18,downtown,1593.0
2026-02-19,downtown,1599.0
2026-02-20,downtown,1890.0
2026-02-21,downtown,2642.0
2026-02-22,downtown,2154.0
2026-02-23,downtown,1249.0
2026-02-24,downtown,1531.0
2026-02-25,downtown,1622.0
2026-02-26,downtown,1523.0
2026-02-27,downtown,2109.0
2026-02-28,downtown,2366.0
2026-03-01,downtown,2204.0
2026-03-02,downtown,1349.0
2026-03-03,downtown,1374.0
2026-03-04,downtown,1767.0
2026-03-05,downtown,1533.0
2026-03-06,downtown,2000.0
2026-03-07,downtown,2521.0
2026-03-08,downtown,2185.0
2026-03-09,downtown,1460.0
2026-03-10,downtown,1564.0
2026-03-11,downtown,1544.0
2026-03-12,downtown,1659.0
2026-03-13,downtown,1894.0
2026-03-14,downtown,2406.0
2026-03-15,downtown,2141.0
2026-03-16,downtown,1598.0
2026-03-17,downtown,1537.0
2026-03-18,downtown,1949.0
2026-03-19,downtown,1796.0
2026-03-20,downtown,2131.0
2026-03-21,downtown,3018.0
2026-03-22,downtown,2024.0
2026-03-23,downtown,1454.0
2026-03-24,downtown,1626.0
2026-03-25,downtown,1907.0
2026-03-26,downtown,1520.0
2026-03-27,downtown,2021.0
2026-03-28,downtown,2361.0
2026-03-29,downtown,2044.0
2026-03-30,downtown,1805.0
2026-03-31,downtown,1747.0
2026-04-01,downtown,1750.0
2026-04-02,downtown,1686.0
2026-04-03,downtown,2284.0
2026-04-04,downtown,2415.0
2026-04-05,downtown,2038.0
2026-04-06,downtown,1667.0
2026-04-07,downtown,1875.0
2026-04-08,downtown,1893.0
2026-04-09,downtown,1744.0
2026-04-10,downtown,2117.0
2026-04-11,downtown,3017.0
2026-04-12,downtown,2415.0
2026-04-13,downtown,1570.0
2026-04-14,downtown,1689.0
2026-04-15,downtown,1859.0
2026-04-16,downtown,1853.0
2026-04-17,downtown,2012.0
2026-04-18,downtown,3037.0
2026-04-19,downtown,2564.0
2026-04-20,downtown,1822.0
2026-04-21,downtown,1699.0
2026-04-22,downtown,1994.0
2026-04-23,downtown,1866.0
2026-04-24,downtown,2254.0
2026-04-25,downtown,2904.0
2026-04-26,downtown,2497.0
2026-04-27,downtown,1638.0
2026-04-28,downtown,1944.0
2026-04-29,downtown,2106.0
2026-04-30,downtown,2098.0
2026-05-01,downtown,2277.0
2026-05-02,downtown,2429.0
2026-05-03,downtown,2561.0
2026-05-04,downtown,1543.0
2026-05-05,downtown,1712.0
2026-05-06,downtown,2104.0
2026-05-07,downtown,2116.0
2026-05-08,downtown,2582.0
2026-05-09,downtown,2816.0
2026-05-10,downtown,2318.0
2026-05-11,downtown,1779.0
2026-05-12,downtown,1761.0
2026-05-13,downtown,2106.0
2026-05-14,downtown,2055.0
2026-05-15,downtown,2563.0
2026-05-16,downtown,2911.0
2026-05-17,downtown,2732.0
2026-05-18,downtown,1736.0
2026-05-19,downtown,1848.0
2026-05-20,downtown,2074.0
2026-05-21,downtown,1869.0
2026-05-22,downtown,2518.0
2026-05-23,downtown,3055.0
2026-05-24,downtown,2504.0
2026-05-25,downtown,1867.0
2026-05-26,downtown,2081.0
2026-05-27,downtown,2285.0
2026-05-28,downtown,2234.0
2026-05-29,downtown,2751.0
2026-05-30,downtown,3233.0
2026-05-31,downtown,2602.0
2026-06-01,downtown,2114.0
2026-06-02,downtown,2006.0
2026-06-03,downtown,2119.0
2026-06-04,downtown,2329.0
2026-06-05,downtown,2529.0
2026-06-06,downtown,3337.0
2026-06-07,downtown,2747.0
2026-06-08,downtown,1831.0
2026-06-09,downtown,2158.0
2026-06-10,downtown,1965.0
2026-06-11,downtown,2266.0
2026-06-12,downtown,2417.0
2026-06-13,downtown,3243.0
2026-06-14,downtown,3109.0
2026-06-15,downtown,1998.0
2026-06-16,downtown,2115.0
2026-06-17,downtown,2301.0
2026-06-18,downtown,2424.0
2026-06-19,downtown,2614.0
2026-06-20,downtown,2872.0
2026-06-21,downtown,2730.0
2026-06-22,downtown,2039.0
2026-06-23,downtown,2122.0
2026-06-24,downtown,2162.0
2026-06-25,downtown,2705.0
2026-06-26,downtown,2735.0
2026-06-27,downtown,3704.0
2026-06-28,downtown,2755.0
2026-06-29,downtown,1921.0
2026-06-30,downtown,2121.0
