sqft,bedrooms,bathrooms,year_built,neighborhood,condition,garage_spaces,price
1500.0,2,2.0,1994.0,hillcrest,good,0,445400.0
2220.0,5,3.0,1933.0,industrial,good,2,277000.0
1970.0,4,3.0,2001.0,old town,fair,1,472400.0
1360.0,2,1.0,1935.0,riverside,fair,0,257500.0
1820.0,3,1.0,2010.0,lakeview,good,2,598600.0
1630.0,4,3.0,1972.0,riverside,poor,1,282200.0
1480.0,2,1.0,1941.0,hillcrest,good,2,384700.0
1720.0,2,1.0,1963.0,riverside,good,1,359700.0
2670.0,4,2.0,1944.0,lakeview,excellent,2,905200.0
1240.0,3,2.0,1940.0,old town,excellent,1,354500.0
1860.0,3,2.0,1938.0,hillcrest,good,1,466500.0
2030.0,3,2.0,1997.0,hillcrest,good,1,540500.0
1980.0,2,1.0,2013.0,lakeview,good,1,644700.0
1990.0,3,2.0,2020.0,hillcrest,good,1,623800.0
1380.0,2,2.0,1921.0,lakeview,good,1,371600.0
1700.0,1,1.0,1956.0,hillcrest,good,0,406100.0
1740.0,1,1.0,2003.0,industrial,fair,1,245300.0
1960.0,4,2.0,2017.0,hillcrest,good,1,560000.0
2170.0,4,2.0,2005.0,riverside,good,1,401200.0
2240.0,4,2.0,1968.0,riverside,excellent,1,475300.0
2170.0,5,3.0,1993.0,industrial,good,1,330300.0
1380.0,2,2.0,2017.0,riverside,poor,1,277400.0
940.0,2,1.0,1978.0,industrial,good,2,180700.0
1530.0,3,2.0,1989.0,old town,poor,1,356200.0
1190.0,1,1.0,1997.0,industrial,excellent,1,244300.0
1590.0,2,2.0,1924.0,industrial,good,2,236100.0
2200.0,4,2.0,1935.0,industrial,good,1,353600.0
2540.0,4,3.0,1932.0,old town,good,1,543900.0
1620.0,2,2.0,1932.0,riverside,good,1,288100.0
1870.0,3,2.0,1991.0,hillcrest,fair,0,414900.0
2530.0,4,2.0,1992.0,lakeview,fair,2,725000.0
2170.0,4,2.0,1941.0,hillcrest,good,2,586000.0
2230.0,4,3.0,1978.0,industrial,good,2,352400.0
1090.0,2,1.0,2016.0,old town,excellent,2,422600.0
1170.0,4,3.0,1960.0,old town,fair,1,277900.0
500.0,2,1.0,1987.0,old town,fair,2,145200.0
1560.0,3,2.0,1971.0,lakeview,excellent,1,565300.0
1770.0,4,3.0,1977.0,hillcrest,good,0,453300.0
1980.0,3,2.0,1999.0,hillcrest,excellent,2,552300.0
2710.0,5,4.0,2022.0,lakeview,fair,1,700600.0
1370.0,2,1.0,2014.0,old town,fair,1,336700.0
2270.0,5,3.0,1979.0,old town,fair,0,506800.0
1740.0,4,2.0,1992.0,hillcrest,fair,1,413500.0
1930.0,2,1.0,2004.0,old town,good,1,474300.0
1500.0,1,1.0,1976.0,hillcrest,good,1,349900.0
900.0,1,1.0,1941.0,riverside,good,1,175300.0
1390.0,3,3.0,1986.0,lakeview,fair,1,408700.0
3280.0,5,4.0,1962.0,riverside,excellent,0,698600.0
1420.0,2,1.0,1991.0,riverside,good,1,340700.0
2630.0,4,2.0,1970.0,riverside,good,2,576800.0
2020.0,4,2.0,1984.0,industrial,good,2,306900.0
740.0,2,1.0,,lakeview,poor,1,185200.0
2020.0,3,2.0,1923.0,riverside,fair,2,345800.0
1210.0,3,1.0,1952.0,old town,excellent,1,356100.0
1230.0,1,1.0,2001.0,industrial,fair,2,212700.0
2250.0,5,3.0,1934.0,old town,fair,1,480300.0
1720.0,3,2.0,2008.0,industrial,poor,0,203600.0
1290.0,1,1.0,2002.0,old town,good,1,338800.0
1180.0,3,2.0,1977.0,riverside,good,1,291100.0
2290.0,5,3.0,1953.0,old town,good,1,565100.0
1300.0,2,1.0,1925.0,hillcrest,good,1,359700.0
1490.0,3,2.0,1971.0,hillcrest,good,1,414500.0
2690.0,5,3.0,1940.0,hillcrest,good,0,667200.0
1770.0,4,2.0,1947.0,riverside,good,0,354900.0
1450.0,3,2.0,2002.0,old town,fair,2,315700.0
1580.0,2,1.0,1942.0,riverside,fair,2,298500.0
940.0,1,1.0,1970.0,lakeview,poor,1,246000.0
1780.0,3,1.0,,riverside,poor,1,351700.0
1470.0,3,2.0,1988.0,industrial,poor,1,189900.0
1790.0,5,3.0,1997.0,hillcrest,excellent,1,519300.0
950.0,1,1.0,,lakeview,fair,1,256000.0
1880.0,4,2.0,1981.0,riverside,excellent,0,448500.0
500.0,1,1.0,2009.0,old town,good,0,144000.0
1160.0,1,1.0,1983.0,riverside,fair,0,230700.0
2300.0,4,2.0,1966.0,hillcrest,fair,1,569100.0
1260.0,2,1.0,,old town,good,1,347800.0
2160.0,4,3.0,1973.0,industrial,excellent,0,345300.0
1040.0,2,1.0,2019.0,old town,good,2,324700.0
720.0,2,1.0,1991.0,industrial,fair,1,106500.0
1160.0,1,1.0,1972.0,old town,poor,2,277800.0
1430.0,4,3.0,1922.0,riverside,fair,1,243000.0
1620.0,4,3.0,1984.0,riverside,good,1,353200.0
1400.0,3,2.0,2013.0,hillcrest,good,0,363200.0
1840.0,4,3.0,2013.0,industrial,excellent,1,319900.0
1700.0,3,2.0,1950.0,hillcrest,good,1,399700.0
890.0,1,1.0,1990.0,industrial,good,1,152800.0
2400.0,4,2.0,1983.0,old town,good,1,542100.0
2490.0,3,1.0,1932.0,old town,poor,1,495300.0
1920.0,4,3.0,2004.0,old town,good,2,436100.0
1200.0,2,1.0,,hillcrest,good,2,337300.0
1610.0,2,1.0,1960.0,riverside,good,0,317800.0
1290.0,2,1.0,1966.0,riverside,fair,0,250200.0
1280.0,2,2.0,2013.0,old town,good,1,361500.0
2180.0,4,2.0,1925.0,hillcrest,excellent,2,705300.0
1530.0,2,2.0,1952.0,lakeview,fair,1,387600.0
1750.0,3,1.0,1940.0,hillcrest,excellent,1,422300.0
2120.0,3,2.0,1955.0,old town,excellent,0,589600.0
1530.0,2,1.0,1953.0,hillcrest,excellent,0,412200.0
1890.0,3,2.0,1993.0,old town,good,1,509800.0
2340.0,4,2.0,2022.0,riverside,fair,1,523800.0
1690.0,2,1.0,1933.0,riverside,fair,2,360700.0
2220.0,4,3.0,1926.0,industrial,good,0,314300.0
2120.0,3,2.0,1943.0,old town,good,1,479600.0
2840.0,5,3.0,,lakeview,excellent,1,882500.0
1380.0,3,2.0,1989.0,old town,good,1,359500.0
1680.0,4,3.0,1952.0,lakeview,excellent,2,447300.0
690.0,1,1.0,2014.0,riverside,good,0,186900.0
1630.0,4,3.0,1961.0,old town,excellent,2,430200.0
2250.0,4,3.0,2019.0,old town,good,1,589200.0
1920.0,4,3.0,1932.0,riverside,good,1,364800.0
1940.0,3,2.0,1930.0,riverside,good,2,387700.0
2020.0,3,2.0,2003.0,hillcrest,excellent,1,567300.0
1990.0,3,2.0,2004.0,lakeview,fair,1,529800.0
2460.0,5,3.0,1983.0,industrial,excellent,0,445000.0
1160.0,3,2.0,2021.0,hillcrest,good,2,325200.0
1960.0,4,2.0,2005.0,old town,fair,1,523200.0
1970.0,3,3.0,1920.0,hillcrest,good,1,585600.0
1300.0,3,2.0,1955.0,hillcrest,good,1,323400.0
2060.0,5,4.0,1998.0,lakeview,excellent,1,700100.0
1100.0,1,1.0,1994.0,lakeview,good,1,318100.0
970.0,4,2.0,2000.0,riverside,fair,1,216100.0
500.0,1,1.0,2020.0,lakeview,good,2,181100.0
1410.0,3,2.0,2015.0,lakeview,good,1,438300.0
1830.0,4,3.0,1944.0,hillcrest,fair,2,456600.0
2150.0,5,4.0,2009.0,hillcrest,excellent,0,632000.0
1040.0,1,1.0,1982.0,hillcrest,fair,1,280800.0
2630.0,4,2.0,2020.0,lakeview,excellent,2,826000.0
880.0,1,1.0,1944.0,lakeview,fair,0,206400.0
3280.0,5,3.0,1983.0,hillcrest,good,1,869700.0
1560.0,4,1.0,1985.0,industrial,good,1,225000.0
680.0,3,2.0,1929.0,riverside,good,2,161300.0
2210.0,3,2.0,1976.0,old town,poor,0,455600.0
1050.0,2,1.0,2008.0,hillcrest,poor,0,260200.0
2940.0,5,4.0,1928.0,hillcrest,fair,1,707200.0
1510.0,2,1.0,1974.0,old town,fair,1,373300.0
1140.0,1,1.0,1986.0,old town,excellent,1,286700.0
610.0,1,1.0,2021.0,industrial,good,2,154000.0
1980.0,3,2.0,2021.0,riverside,good,2,462900.0
1640.0,1,1.0,1958.0,lakeview,good,2,499100.0
500.0,2,2.0,1939.0,lakeview,excellent,2,174400.0
1930.0,3,2.0,1973.0,old town,good,0,459700.0
500.0,1,1.0,2007.0,old town,good,2,159900.0
1330.0,2,2.0,1975.0,lakeview,fair,2,349200.0
1530.0,2,1.0,1972.0,riverside,poor,0,235100.0
1920.0,5,3.0,1935.0,riverside,good,1,378700.0
1930.0,3,2.0,1955.0,lakeview,good,2,513600.0
2280.0,4,2.0,2016.0,riverside,good,2,463700.0
2040.0,5,3.0,1941.0,lakeview,fair,1,561400.0
2890.0,3,2.0,1929.0,riverside,fair,2,576200.0
1470.0,2,1.0,2010.0,old town,fair,1,324300.0
1560.0,2,2.0,1996.0,riverside,fair,2,347700.0
1970.0,2,1.0,1970.0,old town,good,1,448600.0
1870.0,3,2.0,2022.0,old town,fair,1,436700.0
2330.0,4,2.0,1983.0,industrial,fair,0,322700.0
2030.0,4,2.0,1969.0,lakeview,good,2,599000.0
1930.0,2,2.0,2017.0,hillcrest,poor,1,398600.0
1680.0,3,2.0,1935.0,industrial,fair,1,242400.0
1340.0,3,2.0,1982.0,hillcrest,poor,2,307600.0
1820.0,2,1.0,1965.0,old town,poor,1,343200.0
2600.0,5,4.0,1945.0,riverside,good,1,457300.0
1480.0,2,1.0,1932.0,lakeview,good,1,390100.0
2310.0,4,3.0,2017.0,old town,good,2,609600.0
2300.0,5,3.0,1921.0,lakeview,excellent,2,743200.0
740.0,1,1.0,2000.0,riverside,excellent,2,237200.0
1650.0,3,2.0,,lakeview,excellent,2,494700.0
1020.0,1,1.0,1921.0,lakeview,good,0,275700.0
2680.0,5,3.0,1949.0,riverside,excellent,1,661200.0
2440.0,5,3.0,1938.0,lakeview,poor,1,525100.0
2900.0,5,3.0,1963.0,old town,fair,1,643100.0
2160.0,5,2.0,1930.0,hillcrest,excellent,2,559400.0
2230.0,6,3.0,1998.0,riverside,good,0,453600.0
2210.0,4,2.0,2015.0,old town,excellent,2,647800.0
1210.0,2,1.0,1998.0,lakeview,excellent,2,440400.0
1560.0,3,2.0,1983.0,lakeview,fair,1,452200.0
1860.0,4,2.0,1998.0,lakeview,fair,1,604100.0
1450.0,3,1.0,1991.0,industrial,poor,1,196400.0
500.0,2,1.0,1942.0,old town,fair,2,134400.0
1810.0,3,2.0,2018.0,lakeview,fair,0,591000.0
2200.0,4,3.0,2006.0,riverside,poor,2,429000.0
1810.0,2,1.0,1952.0,lakeview,good,2,504300.0
3070.0,4,2.0,1974.0,old town,good,2,761600.0
2160.0,4,2.0,1954.0,riverside,good,1,462200.0
2180.0,3,2.0,1927.0,old town,fair,2,499500.0
2320.0,3,1.0,1941.0,industrial,fair,2,327200.0
2620.0,5,3.0,1989.0,lakeview,good,2,768700.0
1240.0,2,1.0,2019.0,riverside,fair,1,291800.0
1960.0,4,3.0,1991.0,hillcrest,good,2,564100.0
1440.0,1,1.0,1974.0,hillcrest,poor,1,303500.0
910.0,1,1.0,1926.0,old town,good,1,205200.0
1760.0,4,2.0,1989.0,riverside,excellent,2,487300.0
2190.0,4,3.0,1923.0,riverside,fair,0,368500.0
2890.0,5,3.0,1974.0,hillcrest,fair,1,715300.0
1860.0,3,1.0,1962.0,riverside,poor,1,318900.0
1850.0,3,1.0,1968.0,old town,poor,2,406000.0
1960.0,2,1.0,1995.0,hillcrest,good,2,557200.0
1820.0,4,2.0,1921.0,lakeview,good,2,508200.0
1170.0,3,1.0,1992.0,hillcrest,poor,2,276600.0
2160.0,4,2.0,1959.0,industrial,good,1,282400.0
1810.0,3,2.0,2006.0,hillcrest,fair,2,532900.0
1790.0,3,2.0,2017.0,lakeview,excellent,0,611200.0
1350.0,2,1.0,2014.0,riverside,good,2,306000.0
2780.0,4,2.0,1998.0,hillcrest,fair,2,742800.0
1650.0,4,2.0,2011.0,old town,good,0,423400.0
1850.0,3,1.0,1956.0,lakeview,good,0,544900.0
1200.0,3,2.0,1995.0,old town,excellent,1,382900.0
1020.0,1,1.0,1944.0,old town,fair,0,271200.0
1540.0,3,1.0,1959.0,riverside,fair,1,306900.0
2690.0,4,2.0,2002.0,old town,fair,2,598300.0
500.0,1,1.0,2022.0,hillcrest,excellent,0,163500.0
1670.0,2,1.0,1948.0,hillcrest,good,1,504700.0
1460.0,3,2.0,2004.0,riverside,good,0,299800.0
1190.0,2,2.0,2018.0,riverside,good,2,314400.0
1600.0,3,2.0,1961.0,riverside,good,1,324500.0
1900.0,4,1.0,,lakeview,excellent,2,607500.0
1760.0,2,1.0,1998.0,hillcrest,fair,1,466800.0
2150.0,3,2.0,1992.0,hillcrest,good,1,522600.0
1970.0,3,2.0,1983.0,riverside,fair,2,446500.0
2400.0,5,3.0,1936.0,riverside,good,2,453000.0
990.0,1,1.0,1925.0,riverside,good,1,234300.0
2980.0,4,2.0,2015.0,riverside,fair,0,612700.0
2070.0,4,2.0,1966.0,riverside,fair,1,463900.0
990.0,2,1.0,1945.0,lakeview,excellent,0,291500.0
2460.0,4,2.0,1957.0,industrial,excellent,1,383700.0
2250.0,4,2.0,1984.0,hillcrest,good,2,546500.0
1360.0,2,2.0,1942.0,industrial,excellent,1,228600.0
1510.0,1,1.0,,lakeview,good,1,426600.0
870.0,2,1.0,1965.0,hillcrest,fair,1,225400.0
1710.0,3,3.0,2001.0,hillcrest,fair,2,445100.0
1950.0,2,1.0,1955.0,old town,good,1,405300.0
1250.0,2,1.0,2006.0,lakeview,fair,1,332300.0
1400.0,1,1.0,1921.0,riverside,fair,0,239900.0
880.0,2,2.0,1934.0,riverside,excellent,1,191800.0
1300.0,2,1.0,1932.0,hillcrest,good,2,315200.0
500.0,1,1.0,2007.0,lakeview,good,2,233400.0
2080.0,3,2.0,1997.0,lakeview,good,0,575900.0
1530.0,2,2.0,1933.0,hillcrest,good,2,372400.0
1530.0,4,3.0,1960.0,old town,good,1,308400.0
1660.0,2,1.0,1926.0,lakeview,fair,1,402300.0
1430.0,3,1.0,2019.0,lakeview,good,2,475700.0
1820.0,2,2.0,1938.0,industrial,good,0,240500.0
1680.0,4,2.0,,lakeview,fair,1,409700.0
1010.0,1,1.0,2018.0,hillcrest,excellent,0,329500.0
1450.0,2,2.0,1988.0,industrial,good,1,239500.0
2410.0,4,3.0,1942.0,riverside,good,0,433000.0
2080.0,3,2.0,1931.0,lakeview,good,1,533500.0
1310.0,3,2.0,2023.0,riverside,excellent,1,377400.0
2450.0,4,3.0,,hillcrest,good,1,564600.0
500.0,1,1.0,1975.0,old town,good,1,165700.0
1450.0,2,1.0,1988.0,industrial,good,1,244400.0
1930.0,4,2.0,1967.0,hillcrest,excellent,1,526600.0
2190.0,4,2.0,2015.0,industrial,good,0,341500.0
2380.0,4,2.0,2013.0,old town,good,0,561400.0
1370.0,3,2.0,2011.0,hillcrest,good,0,373600.0
1580.0,4,3.0,1974.0,riverside,excellent,1,415900.0
2330.0,3,2.0,1934.0,old town,fair,2,523700.0
1400.0,2,2.0,1962.0,riverside,fair,1,276200.0
950.0,2,1.0,1933.0,lakeview,fair,1,242700.0
2660.0,5,3.0,1932.0,industrial,poor,0,342700.0
1040.0,2,1.0,2022.0,old town,fair,0,251100.0
1670.0,4,2.0,1941.0,riverside,excellent,2,356900.0
1330.0,3,2.0,1983.0,old town,poor,1,287600.0
1560.0,3,2.0,1924.0,riverside,excellent,1,354300.0
690.0,1,1.0,1993.0,industrial,fair,1,118600.0
2340.0,5,3.0,1985.0,riverside,excellent,2,548700.0
1770.0,3,2.0,1932.0,lakeview,good,2,437000.0
1120.0,3,2.0,1956.0,riverside,fair,2,247800.0
1800.0,3,2.0,1991.0,lakeview,good,1,553600.0
1760.0,3,1.0,1933.0,old town,good,1,365500.0
1420.0,3,2.0,1951.0,industrial,good,1,226000.0
1240.0,2,1.0,1966.0,old town,poor,1,279700.0
1660.0,2,1.0,,industrial,excellent,2,259000.0
660.0,2,2.0,1980.0,old town,excellent,2,217300.0
1230.0,2,1.0,1992.0,old town,fair,2,344700.0
1680.0,4,3.0,1926.0,riverside,poor,1,288700.0
1850.0,3,1.0,1983.0,old town,good,0,502200.0
1620.0,2,1.0,1944.0,industrial,poor,2,196700.0
2240.0,4,2.0,1939.0,lakeview,fair,1,596900.0
2370.0,3,1.0,1996.0,riverside,good,1,573800.0
1560.0,1,1.0,1935.0,old town,fair,1,372300.0
1820.0,3,2.0,2005.0,industrial,excellent,1,309300.0
1620.0,2,1.0,1979.0,riverside,good,1,386600.0
1020.0,2,2.0,1942.0,riverside,good,1,214500.0
1510.0,3,1.0,1927.0,hillcrest,good,0,393900.0
890.0,1,1.0,1938.0,riverside,poor,1,154200.0
1880.0,2,1.0,1937.0,old town,good,1,484600.0
2580.0,4,2.0,1971.0,lakeview,excellent,1,775600.0
2020.0,3,2.0,1954.0,industrial,excellent,1,364600.0
1620.0,3,3.0,1952.0,lakeview,good,2,471500.0
940.0,2,1.0,2010.0,lakeview,fair,0,293600.0
2120.0,5,3.0,1982.0,riverside,poor,1,351700.0
710.0,1,1.0,1991.0,riverside,fair,2,194500.0
1940.0,3,2.0,1939.0,old town,good,1,466900.0
1620.0,3,1.0,1935.0,hillcrest,fair,1,317600.0
1250.0,2,2.0,1996.0,industrial,poor,0,143600.0
1680.0,3,3.0,1975.0,lakeview,fair,1,473200.0
1670.0,4,2.0,1968.0,riverside,good,1,339800.0
1580.0,3,1.0,1998.0,riverside,poor,2,311900.0
1260.0,2,2.0,1927.0,riverside,good,1,260000.0
1790.0,3,2.0,1954.0,industrial,fair,2,236800.0
830.0,2,2.0,2017.0,old town,excellent,2,325400.0
2180.0,4,3.0,1980.0,hillcrest,poor,0,478700.0
1430.0,3,2.0,1925.0,hillcrest,excellent,1,416700.0
1590.0,2,1.0,1971.0,riverside,good,1,306500.0
670.0,2,2.0,1978.0,industrial,good,1,141800.0
1860.0,3,2.0,1979.0,hillcrest,excellent,1,592300.0
1490.0,5,4.0,2012.0,old town,good,0,390800.0
2610.0,4,2.0,1928.0,hillcrest,fair,2,643000.0
1660.0,3,2.0,1972.0,hillcrest,good,1,476300.0
1650.0,3,2.0,1984.0,industrial,good,0,212100.0
1420.0,2,2.0,1930.0,industrial,fair,0,192200.0
1220.0,2,1.0,1926.0,lakeview,good,1,323700.0
1800.0,3,2.0,1975.0,old town,fair,2,398200.0
1530.0,2,2.0,1944.0,hillcrest,poor,2,354000.0
1170.0,3,2.0,2011.0,lakeview,good,2,375200.0
2230.0,4,2.0,1995.0,riverside,good,2,516700.0
1420.0,2,1.0,1959.0,riverside,good,0,278200.0
3200.0,5,3.0,1979.0,old town,fair,0,653600.0
2380.0,5,3.0,2001.0,lakeview,fair,2,671500.0
1710.0,4,3.0,1998.0,old town,good,0,417600.0
2380.0,5,3.0,1971.0,lakeview,good,0,632900.0
1200.0,1,1.0,1921.0,old town,fair,2,287600.0
1530.0,3,2.0,1925.0,industrial,excellent,2,232600.0
1230.0,1,1.0,1952.0,riverside,fair,2,328300.0
1420.0,1,1.0,1969.0,hillcrest,fair,1,364800.0
2170.0,4,2.0,1939.0,old town,good,2,454100.0
1260.0,1,1.0,1925.0,old town,excellent,1,351900.0
1550.0,3,2.0,2002.0,industrial,poor,2,225100.0
1940.0,3,1.0,1980.0,old town,poor,2,345400.0
500.0,1,1.0,,old town,good,0,135000.0
1460.0,2,1.0,2009.0,riverside,good,1,337600.0
1670.0,3,1.0,2016.0,old town,fair,2,426300.0
2300.0,5,3.0,2009.0,riverside,fair,1,494900.0
2040.0,3,2.0,,hillcrest,good,2,573200.0
1270.0,3,2.0,1974.0,riverside,poor,1,246900.0
2590.0,3,1.0,2004.0,riverside,fair,1,520500.0
2300.0,4,4.0,1945.0,industrial,excellent,1,377800.0
1650.0,4,3.0,1923.0,lakeview,good,0,404000.0
1020.0,2,2.0,2021.0,lakeview,fair,0,294100.0
1080.0,3,2.0,2011.0,hillcrest,good,1,287000.0
2020.0,4,2.0,1922.0,riverside,poor,0,286100.0
710.0,1,1.0,1926.0,old town,good,1,189900.0
2460.0,4,3.0,1979.0,riverside,good,1,535700.0
870.0,1,1.0,1989.0,riverside,good,1,207700.0
1490.0,1,1.0,1995.0,industrial,poor,1,197400.0
1290.0,2,1.0,1941.0,lakeview,good,1,426600.0
1420.0,2,1.0,2012.0,riverside,excellent,1,408600.0
1210.0,2,1.0,1937.0,hillcrest,fair,0,282600.0
1060.0,2,1.0,1944.0,lakeview,fair,1,333100.0
2180.0,4,2.0,1936.0,hillcrest,good,1,481700.0
940.0,2,2.0,,old town,good,0,225700.0
2510.0,3,2.0,1920.0,riverside,good,1,540100.0
1190.0,2,2.0,2016.0,old town,good,2,289900.0
1600.0,1,1.0,1927.0,old town,good,2,369400.0
2290.0,3,2.0,2010.0,hillcrest,fair,0,517700.0
2430.0,3,2.0,2008.0,industrial,good,0,369500.0
2440.0,5,4.0,1929.0,lakeview,excellent,0,775800.0
1560.0,2,1.0,1977.0,riverside,excellent,2,388800.0
2440.0,4,3.0,2018.0,industrial,good,0,374900.0
1420.0,3,2.0,1939.0,industrial,excellent,1,233400.0
730.0,2,1.0,1973.0,lakeview,fair,2,228000.0
1710.0,4,3.0,2012.0,riverside,good,0,347400.0
890.0,1,1.0,1927.0,old town,excellent,1,222600.0
2100.0,4,2.0,1931.0,old town,fair,0,379400.0
1840.0,2,2.0,1968.0,hillcrest,fair,1,458300.0
1500.0,2,1.0,1983.0,old town,good,0,330500.0
780.0,2,2.0,1967.0,old town,fair,2,212200.0
1920.0,3,2.0,1993.0,industrial,poor,2,256800.0
1540.0,2,2.0,1941.0,old town,excellent,1,392100.0
500.0,1,1.0,1948.0,old town,poor,1,105000.0
1190.0,3,2.0,2008.0,old town,good,1,286100.0
1970.0,4,2.0,1935.0,old town,fair,2,446600.0
2060.0,4,3.0,1990.0,lakeview,good,1,540300.0
930.0,2,1.0,2002.0,riverside,good,0,188800.0
2780.0,5,3.0,1941.0,industrial,good,0,444500.0
670.0,1,1.0,1994.0,hillcrest,good,1,218400.0
1240.0,1,1.0,1943.0,industrial,good,0,155400.0
990.0,2,1.0,1950.0,hillcrest,good,2,284500.0
2310.0,5,3.0,1921.0,lakeview,good,0,666500.0
1470.0,3,2.0,1982.0,hillcrest,fair,1,358700.0
1400.0,3,2.0,2007.0,old town,fair,1,335000.0
1420.0,3,2.0,1997.0,riverside,good,0,312200.0
1560.0,3,3.0,1974.0,lakeview,fair,1,393400.0
1150.0,3,1.0,1938.0,riverside,good,1,244500.0
1090.0,2,1.0,2021.0,old town,excellent,2,327200.0
650.0,1,1.0,1922.0,hillcrest,excellent,1,170300.0
1150.0,1,1.0,1998.0,old town,good,1,263800.0
2310.0,3,2.0,2019.0,hillcrest,fair,1,557900.0
2520.0,4,2.0,2001.0,riverside,fair,2,529800.0
1870.0,3,1.0,1978.0,hillcrest,good,2,445000.0
500.0,1,1.0,2012.0,riverside,good,2,159000.0
1590.0,1,1.0,2010.0,lakeview,good,0,532500.0
820.0,1,1.0,1951.0,hillcrest,good,0,232100.0
1620.0,2,1.0,1944.0,industrial,fair,2,202800.0
1610.0,2,1.0,1980.0,industrial,good,1,246700.0
2390.0,3,2.0,1991.0,old town,good,1,611000.0
1050.0,2,1.0,1953.0,lakeview,good,2,327300.0
1820.0,3,2.0,1926.0,industrial,good,2,272300.0
2240.0,5,3.0,1975.0,old town,good,0,513400.0
1790.0,4,2.0,1936.0,lakeview,fair,0,417700.0
1830.0,3,2.0,1981.0,riverside,fair,2,386200.0
500.0,2,2.0,1947.0,old town,fair,2,141200.0
1600.0,2,1.0,2023.0,hillcrest,good,2,454800.0
2540.0,4,3.0,1974.0,riverside,good,2,522800.0
980.0,2,1.0,2024.0,lakeview,good,1,380800.0
1230.0,2,2.0,1949.0,old town,poor,2,278900.0
1410.0,3,2.0,2002.0,hillcrest,fair,1,337600.0
1800.0,4,2.0,1973.0,industrial,good,2,302500.0
1270.0,1,1.0,2023.0,lakeview,good,2,399700.0
2010.0,4,2.0,1933.0,old town,excellent,2,572200.0
1390.0,2,1.0,1949.0,old town,good,1,326400.0
1370.0,2,1.0,1949.0,old town,good,1,322500.0
1670.0,3,2.0,1968.0,riverside,good,0,352800.0
1640.0,4,3.0,1936.0,hillcrest,fair,0,360000.0
1710.0,5,3.0,2015.0,riverside,poor,2,332200.0
1810.0,3,2.0,1962.0,industrial,good,1,252400.0
2950.0,5,3.0,1939.0,riverside,good,2,669200.0
1540.0,2,1.0,2014.0,riverside,good,0,316600.0
1210.0,1,1.0,1992.0,old town,fair,0,280700.0
2600.0,4,3.0,2023.0,industrial,fair,2,403700.0
1000.0,2,2.0,1939.0,old town,excellent,0,243500.0
2290.0,4,2.0,1972.0,lakeview,fair,1,639700.0
1920.0,4,1.0,1937.0,old town,good,1,417000.0
2520.0,4,2.0,2019.0,riverside,excellent,1,661100.0
2210.0,4,2.0,2022.0,hillcrest,fair,2,597800.0
2090.0,3,2.0,1970.0,industrial,fair,1,317000.0
1900.0,3,1.0,1935.0,riverside,good,0,367200.0
1260.0,2,1.0,1967.0,riverside,fair,1,242900.0
530.0,2,1.0,1956.0,lakeview,good,1,154300.0
1360.0,3,1.0,1965.0,lakeview,good,2,401800.0
1380.0,1,1.0,1969.0,riverside,fair,2,273700.0
2320.0,4,2.0,1925.0,lakeview,fair,2,766200.0
1180.0,2,1.0,2023.0,hillcrest,good,2,373300.0
1810.0,4,2.0,1977.0,riverside,fair,0,350800.0
790.0,1,1.0,1965.0,riverside,poor,2,177400.0
1980.0,4,3.0,1992.0,lakeview,good,2,598200.0
2010.0,3,1.0,2010.0,hillcrest,poor,1,407200.0
1360.0,3,1.0,2003.0,lakeview,fair,1,379700.0
2070.0,3,2.0,1936.0,old town,good,0,533900.0
1120.0,2,1.0,1973.0,old town,fair,0,256300.0
1720.0,3,1.0,1956.0,riverside,good,0,354200.0
1340.0,3,2.0,1952.0,old town,fair,1,276600.0
1660.0,4,2.0,1986.0,hillcrest,good,2,375700.0
1430.0,3,2.0,1987.0,lakeview,excellent,1,490100.0
1270.0,3,2.0,1957.0,riverside,fair,1,240100.0
2200.0,3,3.0,1990.0,hillcrest,good,1,541400.0
1950.0,3,2.0,1981.0,riverside,excellent,1,442500.0
2170.0,4,1.0,1960.0,riverside,fair,1,445000.0
1450.0,3,1.0,1925.0,industrial,excellent,1,282400.0
1630.0,2,1.0,1994.0,riverside,fair,0,342100.0
1040.0,1,2.0,,riverside,good,0,232600.0
1240.0,2,2.0,,riverside,fair,1,254600.0
2170.0,3,2.0,1971.0,hillcrest,fair,0,525200.0
1240.0,2,1.0,2001.0,riverside,fair,2,296300.0
770.0,2,1.0,1989.0,hillcrest,excellent,2,263300.0
1220.0,1,1.0,2007.0,old town,good,2,333100.0
1260.0,1,1.0,1938.0,lakeview,good,2,374800.0
1060.0,1,1.0,1936.0,hillcrest,excellent,1,326800.0
1560.0,4,2.0,2003.0,lakeview,good,1,411400.0
1780.0,3,1.0,1978.0,lakeview,excellent,0,568100.0
1200.0,2,2.0,1950.0,lakeview,good,1,342100.0
1820.0,3,2.0,1922.0,hillcrest,fair,1,434600.0
1830.0,4,3.0,1990.0,lakeview,fair,2,481600.0
2700.0,4,2.0,2008.0,riverside,excellent,1,648800.0
1320.0,3,1.0,1980.0,old town,fair,2,317500.0
1900.0,3,2.0,2019.0,old town,good,0,484600.0
1830.0,3,1.0,2021.0,riverside,fair,1,416800.0
1710.0,3,1.0,1949.0,hillcrest,poor,2,381200.0
2560.0,4,2.0,2019.0,lakeview,fair,1,701100.0
1440.0,2,1.0,1955.0,hillcrest,good,1,327700.0
1880.0,2,1.0,1956.0,old town,excellent,1,435400.0
1670.0,2,2.0,1945.0,industrial,excellent,2,273000.0
2370.0,4,3.0,1925.0,riverside,fair,2,429700.0
1760.0,4,2.0,1986.0,lakeview,fair,0,388200.0
800.0,2,1.0,1960.0,industrial,good,2,146700.0
2010.0,4,3.0,1921.0,industrial,excellent,1,284900.0
1670.0,3,3.0,1980.0,riverside,excellent,1,405600.0
1640.0,2,2.0,2009.0,lakeview,excellent,0,462300.0
1120.0,3,1.0,1940.0,industrial,good,0,173700.0
2290.0,5,4.0,1984.0,lakeview,poor,2,539400.0
2010.0,4,2.0,1979.0,riverside,poor,2,397000.0
830.0,1,1.0,2014.0,riverside,good,1,269400.0
2070.0,4,3.0,1932.0,riverside,good,0,474800.0
2120.0,4,3.0,1940.0,industrial,fair,1,283300.0
2120.0,2,2.0,1952.0,industrial,good,2,351100.0
1430.0,2,1.0,1977.0,old town,fair,2,349100.0
1290.0,2,2.0,1989.0,riverside,excellent,0,318500.0
2320.0,4,2.0,,industrial,fair,1,291600.0
1470.0,2,1.0,1942.0,industrial,fair,2,192500.0
1750.0,2,1.0,1947.0,riverside,good,1,321800.0
500.0,1,1.0,1967.0,hillcrest,excellent,1,199200.0
1380.0,3,1.0,1966.0,hillcrest,excellent,1,431100.0
1820.0,4,2.0,1936.0,riverside,poor,1,295100.0
1810.0,3,2.0,1946.0,riverside,good,0,378200.0
920.0,2,1.0,1947.0,industrial,good,1,159900.0
2320.0,5,5.0,2012.0,old town,excellent,1,652100.0
1580.0,3,2.0,1931.0,lakeview,good,1,484300.0
1140.0,2,2.0,1955.0,lakeview,excellent,2,346000.0
1830.0,5,2.0,1994.0,old town,good,0,432900.0
2150.0,3,3.0,1939.0,hillcrest,good,0,516200.0
1380.0,1,1.0,1989.0,old town,good,2,368800.0
880.0,2,2.0,2013.0,old town,fair,0,223700.0
1880.0,2,1.0,1963.0,lakeview,fair,1,481100.0
1950.0,4,3.0,1992.0,riverside,good,1,480700.0
1970.0,3,2.0,1970.0,hillcrest,poor,2,457100.0
2080.0,4,3.0,1968.0,lakeview,good,2,585300.0
2500.0,3,1.0,2014.0,riverside,good,1,503000.0
880.0,1,1.0,1957.0,hillcrest,fair,1,257900.0
1890.0,3,2.0,,old town,good,0,503900.0
2350.0,3,2.0,1922.0,old town,good,2,463600.0
2620.0,4,2.0,2013.0,lakeview,fair,1,671500.0
1410.0,2,1.0,2007.0,lakeview,good,1,413500.0
870.0,1,1.0,2018.0,hillcrest,fair,1,229400.0
1850.0,4,3.0,1947.0,lakeview,excellent,2,537300.0
1360.0,3,2.0,1968.0,riverside,excellent,1,321900.0
1980.0,3,1.0,1957.0,riverside,good,0,470200.0
2550.0,4,3.0,1987.0,hillcrest,excellent,2,717900.0
1460.0,2,1.0,1981.0,industrial,fair,1,228500.0
1410.0,2,1.0,2022.0,old town,good,1,325900.0
930.0,2,1.0,1971.0,industrial,excellent,1,193800.0
1430.0,2,1.0,1973.0,hillcrest,fair,1,315700.0
2200.0,4,2.0,1997.0,hillcrest,fair,0,549600.0
1090.0,2,2.0,1981.0,lakeview,fair,2,324800.0
1780.0,4,1.0,1956.0,riverside,excellent,1,383100.0
1820.0,3,2.0,1985.0,old town,fair,0,454700.0
1200.0,3,1.0,1964.0,hillcrest,good,1,315000.0
2560.0,3,1.0,1953.0,lakeview,poor,0,548200.0
880.0,3,3.0,1932.0,hillcrest,good,1,258100.0
1780.0,3,2.0,1976.0,riverside,good,2,395200.0
1740.0,2,1.0,1952.0,old town,good,0,363500.0
1970.0,3,2.0,1946.0,riverside,good,2,438400.0
2400.0,3,3.0,1990.0,riverside,excellent,2,599600.0
3400.0,5,3.0,1929.0,hillcrest,poor,1,698500.0
2270.0,3,1.0,1927.0,riverside,good,2,541900.0
1550.0,3,2.0,2001.0,lakeview,good,1,468200.0
1290.0,2,1.0,1968.0,hillcrest,good,1,360000.0
2440.0,4,2.0,1993.0,hillcrest,fair,2,608700.0
2210.0,4,3.0,1924.0,lakeview,fair,1,660100.0
1010.0,1,1.0,1928.0,lakeview,excellent,0,301200.0
590.0,1,1.0,1990.0,old town,fair,1,155100.0
1580.0,4,2.0,1937.0,industrial,fair,2,236900.0
850.0,1,1.0,1949.0,old town,fair,1,197200.0
2860.0,5,3.0,1921.0,old town,excellent,1,829900.0
3410.0,7,4.0,,riverside,fair,0,737500.0
1990.0,2,1.0,2008.0,industrial,good,2,353700.0
2100.0,3,1.0,1992.0,riverside,excellent,1,471000.0
1960.0,3,2.0,2016.0,riverside,good,1,395300.0
2200.0,4,3.0,1991.0,industrial,excellent,1,396800.0
770.0,2,2.0,1971.0,old town,good,2,218300.0
2340.0,4,2.0,1980.0,old town,good,2,581900.0
2180.0,4,2.0,2000.0,industrial,fair,0,298400.0
1460.0,2,2.0,1975.0,industrial,good,1,245200.0
2300.0,3,2.0,1930.0,industrial,fair,1,304900.0
1860.0,4,2.0,1992.0,hillcrest,good,1,470700.0
1710.0,3,2.0,1991.0,lakeview,good,0,515100.0
1840.0,3,1.0,,old town,good,0,393600.0
1760.0,4,2.0,1980.0,lakeview,excellent,1,554100.0
1180.0,3,2.0,2018.0,lakeview,fair,2,328900.0
1520.0,3,2.0,1952.0,hillcrest,fair,2,369600.0
1670.0,2,2.0,2010.0,riverside,excellent,2,398600.0
1090.0,2,1.0,2014.0,lakeview,good,0,304500.0
1160.0,1,1.0,1941.0,hillcrest,fair,2,282000.0
2170.0,4,1.0,2015.0,industrial,good,0,322700.0
1930.0,4,1.0,2013.0,industrial,fair,1,289400.0
1580.0,2,2.0,1949.0,hillcrest,good,1,373300.0
1370.0,1,1.0,1964.0,lakeview,good,1,404900.0
3470.0,6,4.0,2000.0,riverside,good,1,779900.0
2130.0,4,2.0,1975.0,lakeview,excellent,2,630700.0
2840.0,5,2.0,1935.0,lakeview,fair,1,620600.0
1680.0,2,1.0,2016.0,industrial,good,2,283500.0
1690.0,3,2.0,1995.0,industrial,excellent,1,299100.0
1850.0,3,2.0,1975.0,riverside,excellent,2,429400.0
1500.0,3,2.0,1950.0,riverside,good,2,320700.0
1870.0,2,1.0,1952.0,old town,good,1,478900.0
1460.0,2,2.0,1958.0,hillcrest,fair,0,322700.0
1270.0,3,2.0,1986.0,hillcrest,good,2,357600.0
1400.0,1,1.0,1991.0,lakeview,fair,1,439100.0
1500.0,3,2.0,1999.0,lakeview,good,0,440000.0
1410.0,3,1.0,1943.0,industrial,good,2,239100.0
1640.0,2,1.0,1975.0,old town,poor,1,341300.0
2390.0,4,2.0,1994.0,old town,fair,1,477400.0
2130.0,4,2.0,2015.0,old town,excellent,1,561700.0
2310.0,4,2.0,1927.0,lakeview,good,2,696400.0
1410.0,1,1.0,2013.0,hillcrest,good,1,388200.0
2250.0,4,3.0,1953.0,old town,good,0,505800.0
2810.0,5,3.0,1944.0,old town,excellent,0,664800.0
1830.0,2,2.0,1965.0,old town,good,1,408500.0
2530.0,3,2.0,,old town,excellent,0,700800.0
1820.0,4,2.0,1964.0,old town,excellent,2,504700.0
1000.0,2,1.0,1928.0,hillcrest,good,2,317600.0
2090.0,4,3.0,1926.0,riverside,excellent,1,446100.0
1750.0,3,2.0,,hillcrest,good,1,440500.0
1730.0,4,2.0,1992.0,riverside,fair,1,354600.0
1690.0,2,1.0,1986.0,lakeview,poor,1,436400.0
1300.0,1,1.0,1955.0,industrial,good,2,212500.0
1590.0,3,2.0,,riverside,poor,1,239500.0
1670.0,3,2.0,1959.0,riverside,good,1,406000.0
2720.0,4,3.0,2007.0,riverside,fair,1,500600.0
650.0,1,1.0,1937.0,riverside,good,1,145500.0
1300.0,3,2.0,1924.0,hillcrest,good,0,294200.0
2020.0,3,1.0,1973.0,old town,excellent,1,484900.0
2210.0,4,2.0,1951.0,lakeview,fair,1,606200.0
2330.0,3,1.0,1930.0,old town,good,1,570200.0
1780.0,4,1.0,1956.0,riverside,good,1,361300.0
1780.0,4,2.0,1927.0,old town,excellent,1,396500.0
700.0,2,2.0,1981.0,industrial,good,1,134200.0
1180.0,2,2.0,2022.0,hillcrest,good,2,322500.0
2440.0,5,2.0,1975.0,riverside,good,0,457600.0
1820.0,3,3.0,1957.0,riverside,excellent,1,489900.0
1930.0,2,1.0,1929.0,riverside,fair,1,366000.0
2000.0,2,1.0,1944.0,riverside,good,1,447000.0
2410.0,4,2.0,1970.0,riverside,fair,0,473600.0
1750.0,3,1.0,2002.0,hillcrest,fair,2,426100.0
1250.0,3,1.0,1955.0,riverside,fair,1,265200.0
1880.0,3,2.0,2018.0,hillcrest,good,1,559700.0
1430.0,1,1.0,2008.0,lakeview,fair,1,408600.0
1160.0,3,1.0,1957.0,riverside,good,1,225100.0
2190.0,3,2.0,2024.0,industrial,good,1,331100.0
1210.0,3,2.0,1983.0,old town,fair,2,304600.0
1240.0,2,1.0,2008.0,riverside,poor,0,244200.0
1890.0,2,2.0,2023.0,riverside,fair,1,427500.0
2330.0,4,2.0,1941.0,old town,excellent,2,644500.0
2320.0,5,2.0,1933.0,lakeview,fair,1,612600.0
1150.0,2,1.0,2023.0,industrial,good,1,216100.0
1890.0,3,2.0,1971.0,industrial,excellent,0,276900.0
1970.0,4,3.0,1968.0,riverside,good,1,412400.0
1640.0,3,2.0,1922.0,hillcrest,excellent,2,428900.0
1440.0,3,3.0,1925.0,riverside,fair,1,278500.0
820.0,1,1.0,2011.0,hillcrest,excellent,2,283100.0
2820.0,6,3.0,1971.0,hillcrest,fair,2,705700.0
1010.0,1,1.0,1996.0,industrial,good,0,197000.0
3060.0,4,2.0,1967.0,hillcrest,fair,1,696000.0
800.0,1,1.0,1962.0,old town,excellent,0,209600.0
1340.0,2,1.0,1942.0,old town,good,1,314000.0
2950.0,5,3.0,1924.0,riverside,good,2,661900.0
1110.0,1,1.0,1988.0,old town,good,2,263200.0
2110.0,4,3.0,1998.0,old town,good,1,459300.0
1560.0,2,1.0,1948.0,industrial,good,1,226600.0
1780.0,3,1.0,1945.0,old town,poor,1,322100.0
1600.0,1,1.0,2012.0,industrial,poor,2,222800.0
1520.0,3,2.0,1992.0,hillcrest,good,1,426800.0
1190.0,1,1.0,1972.0,hillcrest,fair,1,339700.0
1300.0,3,3.0,1934.0,hillcrest,good,0,351300.0
1900.0,2,2.0,1951.0,lakeview,good,0,519100.0
1750.0,3,2.0,1930.0,industrial,fair,1,204500.0
1650.0,3,1.0,1957.0,riverside,good,0,360500.0
1870.0,4,2.0,1947.0,old town,excellent,1,536600.0
1420.0,2,1.0,1995.0,riverside,good,1,318800.0
1530.0,2,1.0,1957.0,industrial,good,1,232900.0
1350.0,2,2.0,1982.0,industrial,fair,1,198100.0
2270.0,5,4.0,1982.0,riverside,fair,2,462700.0
1880.0,2,1.0,1944.0,hillcrest,excellent,2,608200.0
960.0,2,2.0,1959.0,old town,good,0,259900.0
1790.0,4,2.0,1961.0,industrial,fair,1,267800.0
2260.0,3,2.0,2024.0,riverside,good,2,616900.0
1540.0,4,2.0,1955.0,lakeview,fair,1,425000.0
1580.0,2,1.0,2003.0,industrial,excellent,1,284300.0
870.0,1,2.0,1922.0,riverside,fair,0,181200.0
1950.0,3,1.0,1980.0,riverside,good,2,407500.0
2150.0,3,1.0,2017.0,hillcrest,excellent,0,659000.0
2420.0,5,3.0,1946.0,hillcrest,good,1,600100.0
1490.0,3,2.0,1932.0,old town,excellent,1,424200.0
1460.0,3,2.0,1999.0,hillcrest,excellent,0,479400.0
670.0,1,1.0,2019.0,riverside,excellent,1,191500.0
1100.0,1,1.0,1938.0,lakeview,excellent,2,363700.0
2340.0,4,1.0,1954.0,lakeview,good,2,560600.0
2740.0,5,3.0,2010.0,riverside,good,1,584700.0
1330.0,2,2.0,1986.0,industrial,fair,1,189900.0
1520.0,1,1.0,1939.0,riverside,fair,1,294300.0
2090.0,5,3.0,2006.0,lakeview,good,1,671600.0
1700.0,3,3.0,2007.0,lakeview,good,1,499400.0
1090.0,3,2.0,1969.0,old town,good,1,248300.0
2840.0,6,3.0,1922.0,lakeview,good,1,697600.0
2110.0,2,1.0,1952.0,old town,good,1,482000.0
2200.0,3,1.0,,old town,poor,0,430100.0
2250.0,4,3.0,1961.0,riverside,fair,0,428300.0
2840.0,4,3.0,1971.0,riverside,poor,1,483900.0
1300.0,1,1.0,1974.0,lakeview,good,1,401500.0
1960.0,2,1.0,2010.0,hillcrest,good,2,548600.0
2250.0,2,2.0,1988.0,lakeview,good,0,618400.0
1580.0,3,1.0,2002.0,old town,excellent,2,450400.0
1610.0,4,2.0,1994.0,lakeview,poor,2,379800.0
2130.0,4,2.0,1921.0,riverside,good,1,405300.0
1330.0,2,1.0,1956.0,old town,good,1,334400.0
1610.0,3,2.0,1942.0,riverside,fair,1,319300.0
700.0,2,1.0,1980.0,old town,excellent,2,221900.0
2370.0,4,3.0,1981.0,hillcrest,poor,0,468200.0
1500.0,2,1.0,1921.0,lakeview,fair,0,386800.0
1390.0,3,2.0,1930.0,old town,excellent,2,367100.0
1790.0,3,2.0,1941.0,riverside,fair,2,376800.0
1060.0,1,1.0,1982.0,old town,good,1,215600.0
1630.0,2,1.0,1925.0,old town,good,0,422600.0
2310.0,4,2.0,1971.0,old town,excellent,0,556100.0
1940.0,4,2.0,1976.0,lakeview,excellent,2,576500.0
2180.0,2,1.0,2016.0,lakeview,fair,0,496900.0
2440.0,4,2.0,1951.0,lakeview,fair,1,655600.0
1220.0,1,1.0,2022.0,hillcrest,good,1,351100.0
2100.0,3,3.0,1942.0,riverside,good,2,378000.0
1960.0,3,2.0,1946.0,industrial,excellent,0,305900.0
2670.0,5,3.0,2001.0,lakeview,good,2,746000.0
500.0,1,1.0,1961.0,hillcrest,fair,0,112400.0
1740.0,4,2.0,1920.0,industrial,good,1,250100.0
1570.0,2,1.0,1955.0,riverside,good,1,314600.0
1430.0,2,2.0,,lakeview,excellent,0,433000.0
1540.0,3,1.0,1923.0,industrial,fair,2,190900.0
1930.0,3,3.0,1943.0,riverside,fair,2,355400.0
1990.0,4,3.0,1964.0,riverside,good,1,451200.0
1140.0,1,1.0,2007.0,industrial,good,1,223400.0
2400.0,3,2.0,1974.0,hillcrest,poor,2,456400.0
3300.0,5,3.0,1977.0,industrial,poor,0,348300.0
1760.0,3,2.0,1985.0,hillcrest,good,1,495600.0
2400.0,4,3.0,1954.0,lakeview,poor,1,535800.0
1280.0,3,2.0,1927.0,lakeview,good,1,343600.0
1380.0,2,1.0,1955.0,riverside,good,0,270700.0
1820.0,4,2.0,1989.0,industrial,fair,1,267500.0
2760.0,5,4.0,1945.0,old town,good,0,667600.0
1630.0,3,2.0,1930.0,industrial,fair,0,227000.0
1680.0,3,2.0,1926.0,old town,fair,1,407300.0
1330.0,3,2.0,1954.0,hillcrest,good,2,314200.0
1180.0,2,1.0,1968.0,lakeview,good,0,312700.0
1760.0,2,1.0,1937.0,industrial,excellent,2,298200.0
2480.0,5,3.0,1996.0,industrial,good,1,406500.0
2120.0,4,2.0,1977.0,riverside,excellent,1,501000.0
1770.0,4,2.0,2020.0,hillcrest,fair,1,442300.0
1530.0,3,1.0,1929.0,old town,good,1,405900.0
2230.0,5,3.0,1978.0,lakeview,poor,0,581000.0
660.0,1,1.0,,lakeview,poor,0,153700.0
1590.0,2,2.0,2001.0,riverside,excellent,2,468800.0
1750.0,4,2.0,1948.0,old town,good,0,345200.0
2810.0,4,2.0,1941.0,hillcrest,excellent,2,766100.0
1370.0,3,2.0,1977.0,hillcrest,fair,1,304900.0
2280.0,3,2.0,1927.0,old town,excellent,0,611600.0
2070.0,4,3.0,1958.0,riverside,good,1,468300.0
680.0,1,1.0,2013.0,industrial,good,1,137500.0
1560.0,3,1.0,1965.0,lakeview,fair,2,454000.0
1890.0,4,3.0,1931.0,old town,good,1,426900.0
650.0,1,1.0,1934.0,old town,good,1,149000.0
1700.0,2,1.0,1927.0,riverside,fair,0,327900.0
1700.0,4,3.0,1995.0,old town,excellent,0,508700.0
740.0,2,2.0,1933.0,riverside,good,1,141700.0
2190.0,5,3.0,1929.0,lakeview,excellent,2,732900.0
1200.0,3,2.0,,lakeview,excellent,0,404700.0
2880.0,4,2.0,1991.0,riverside,good,1,576200.0
780.0,1,1.0,1971.0,lakeview,excellent,1,232800.0
1940.0,3,3.0,,riverside,good,1,437900.0
1760.0,3,2.0,1938.0,old town,fair,1,398300.0
1350.0,2,1.0,2015.0,hillcrest,good,1,318000.0
1830.0,4,2.0,1990.0,hillcrest,good,2,553400.0
510.0,1,1.0,2023.0,old town,good,1,153600.0
2340.0,3,2.0,1955.0,hillcrest,good,2,633000.0
1490.0,4,2.0,1996.0,hillcrest,fair,1,398000.0
1110.0,1,1.0,1953.0,old town,excellent,1,278500.0
1580.0,2,2.0,2012.0,riverside,good,2,374300.0
1100.0,2,2.0,1931.0,industrial,excellent,1,198100.0
1310.0,2,1.0,1942.0,industrial,fair,1,173900.0
1310.0,2,1.0,1987.0,industrial,good,1,238400.0
600.0,1,1.0,1973.0,old town,fair,1,157300.0
1880.0,3,2.0,2018.0,industrial,good,1,297600.0
2780.0,5,3.0,2020.0,old town,good,1,682700.0
1740.0,2,1.0,1936.0,old town,fair,1,357000.0
560.0,1,1.0,1989.0,old town,good,1,172000.0
2030.0,3,3.0,2000.0,lakeview,good,2,515000.0
1780.0,3,2.0,1950.0,riverside,excellent,1,397200.0
1940.0,3,2.0,1924.0,riverside,good,0,369100.0
3060.0,4,2.0,1939.0,hillcrest,excellent,1,871200.0
1720.0,3,2.0,2019.0,riverside,fair,1,325100.0
1910.0,4,2.0,2019.0,riverside,excellent,1,497500.0
2000.0,4,3.0,2000.0,riverside,good,1,449000.0
2680.0,5,3.0,1987.0,lakeview,good,1,726100.0
1500.0,2,1.0,2002.0,riverside,excellent,2,395800.0
1830.0,3,1.0,1976.0,industrial,good,0,265900.0
2470.0,3,1.0,2001.0,lakeview,fair,1,709000.0
1090.0,2,1.0,1925.0,riverside,fair,1,203900.0
730.0,1,1.0,1978.0,hillcrest,fair,0,175600.0
2520.0,5,3.0,1932.0,old town,fair,1,525100.0
2460.0,4,2.0,2007.0,old town,excellent,2,719800.0
1610.0,3,2.0,2003.0,hillcrest,excellent,1,505500.0
1700.0,4,2.0,1926.0,old town,fair,2,385900.0
1240.0,3,2.0,1953.0,lakeview,good,1,333000.0
1310.0,3,2.0,2023.0,old town,fair,0,248500.0
1040.0,2,1.0,1952.0,lakeview,good,1,281900.0
1860.0,2,1.0,1961.0,lakeview,good,1,576100.0
2980.0,4,3.0,1948.0,hillcrest,good,1,751500.0
500.0,1,1.0,1980.0,old town,poor,1,121000.0
1610.0,3,3.0,2017.0,hillcrest,good,1,401900.0
1930.0,3,2.0,1920.0,riverside,fair,2,381200.0
1850.0,4,3.0,2012.0,lakeview,poor,1,461400.0
2200.0,4,2.0,1960.0,lakeview,good,0,654100.0
1830.0,3,1.0,1935.0,industrial,fair,1,284500.0
1340.0,1,1.0,1974.0,hillcrest,good,2,427000.0
1170.0,2,1.0,1964.0,old town,good,1,248900.0
990.0,1,1.0,1989.0,industrial,good,1,193800.0
2110.0,3,2.0,1983.0,lakeview,fair,0,549300.0
1870.0,3,2.0,2016.0,riverside,fair,1,421800.0
1780.0,3,2.0,2020.0,hillcrest,excellent,1,580700.0
1340.0,3,2.0,,riverside,good,2,350400.0
1070.0,2,1.0,1995.0,lakeview,excellent,0,386400.0
1710.0,2,1.0,1953.0,lakeview,fair,1,449300.0
1110.0,1,1.0,2009.0,hillcrest,poor,0,232000.0
1620.0,3,2.0,1987.0,lakeview,good,1,410100.0
2070.0,2,1.0,1932.0,hillcrest,fair,0,461000.0
3250.0,6,4.0,2013.0,lakeview,fair,2,844100.0
1700.0,2,2.0,1930.0,old town,fair,2,372600.0
1200.0,3,1.0,1966.0,old town,fair,1,287600.0
3160.0,5,3.0,1948.0,hillcrest,excellent,1,862900.0
730.0,2,2.0,2012.0,industrial,poor,1,136600.0
1110.0,4,3.0,1924.0,lakeview,good,1,288100.0
2600.0,4,2.0,1926.0,riverside,excellent,1,629700.0
2310.0,4,2.0,1962.0,lakeview,good,0,644800.0
720.0,2,2.0,1955.0,riverside,good,2,161900.0
1400.0,1,1.0,1995.0,lakeview,excellent,1,441700.0
1860.0,4,2.0,,riverside,good,1,398700.0
730.0,1,1.0,1998.0,riverside,excellent,1,211200.0
1470.0,2,2.0,1942.0,industrial,good,1,224100.0
1910.0,3,2.0,2004.0,industrial,good,2,338700.0
1220.0,1,1.0,1988.0,lakeview,good,2,419400.0
1200.0,2,2.0,1980.0,riverside,good,1,251700.0
870.0,2,1.0,,old town,fair,0,246500.0
1750.0,3,1.0,2006.0,old town,good,0,423200.0
2290.0,4,2.0,2007.0,riverside,good,1,452200.0
1070.0,2,1.0,1994.0,hillcrest,fair,2,261800.0
2250.0,4,3.0,1951.0,industrial,poor,0,262400.0
2300.0,3,1.0,2024.0,lakeview,fair,2,702500.0
1760.0,4,3.0,1950.0,hillcrest,good,1,415900.0
600.0,1,1.0,1940.0,industrial,excellent,0,102400.0
2350.0,3,2.0,1939.0,hillcrest,good,1,536500.0
1270.0,1,1.0,1937.0,riverside,good,1,284100.0
1520.0,2,1.0,1976.0,old town,good,2,359300.0
2080.0,4,2.0,1965.0,riverside,good,0,521300.0
1210.0,1,1.0,1976.0,riverside,fair,0,265600.0
1710.0,1,1.0,1983.0,riverside,good,1,397300.0
2470.0,4,3.0,2015.0,lakeview,fair,0,678900.0
2030.0,2,1.0,1953.0,industrial,fair,1,311000.0
1960.0,3,2.0,1970.0,riverside,good,1,389600.0
1860.0,3,1.0,1998.0,riverside,fair,1,395700.0
2010.0,3,2.0,1952.0,lakeview,good,1,508900.0
1930.0,3,2.0,1992.0,lakeview,good,0,517200.0
1630.0,3,2.0,1971.0,hillcrest,poor,1,321800.0
1750.0,3,2.0,1974.0,industrial,fair,1,293600.0
2100.0,3,1.0,1921.0,lakeview,fair,1,538100.0
1360.0,2,2.0,1983.0,hillcrest,good,1,366600.0
1410.0,3,2.0,2024.0,riverside,good,2,329200.0
1530.0,3,1.0,1979.0,old town,excellent,2,378600.0
770.0,1,1.0,1952.0,hillcrest,excellent,1,255000.0
1530.0,3,2.0,1972.0,lakeview,excellent,1,481100.0
1570.0,3,2.0,1929.0,hillcrest,good,1,395200.0
2490.0,4,2.0,1954.0,lakeview,good,1,799300.0
1550.0,3,2.0,1947.0,lakeview,fair,1,418000.0
1590.0,3,1.0,2001.0,riverside,excellent,2,374200.0
1800.0,3,2.0,1936.0,old town,good,2,408800.0
1880.0,3,1.0,2002.0,old town,good,1,481100.0
1500.0,4,2.0,1945.0,industrial,poor,2,196400.0
3190.0,4,2.0,1959.0,lakeview,fair,2,882000.0
1200.0,2,1.0,1964.0,industrial,good,1,192600.0
1980.0,3,2.0,2000.0,riverside,good,1,468200.0
2000.0,3,1.0,1946.0,riverside,fair,2,433900.0
1890.0,3,1.0,2019.0,industrial,poor,1,260700.0
1200.0,2,1.0,1995.0,hillcrest,poor,1,286600.0
1800.0,3,2.0,1939.0,industrial,good,1,255000.0
1620.0,3,2.0,1995.0,old town,fair,1,386300.0
510.0,2,1.0,2012.0,hillcrest,good,1,198300.0
2010.0,4,2.0,1948.0,hillcrest,poor,1,404500.0
2570.0,4,3.0,,riverside,good,1,491100.0
1170.0,2,2.0,2020.0,lakeview,good,2,380500.0
2410.0,4,3.0,1926.0,old town,good,0,552500.0
500.0,1,1.0,1987.0,hillcrest,fair,1,143400.0
1670.0,2,1.0,1993.0,lakeview,fair,2,386700.0
1280.0,2,1.0,1964.0,old town,excellent,1,334900.0
1420.0,3,1.0,2001.0,riverside,poor,1,270400.0
1840.0,4,3.0,2006.0,old town,good,2,466900.0
2390.0,4,2.0,,riverside,good,2,493500.0
2060.0,4,4.0,1991.0,hillcrest,excellent,2,581000.0
1530.0,2,1.0,1942.0,riverside,fair,1,334200.0
1070.0,1,1.0,1965.0,hillcrest,fair,1,263700.0
1430.0,3,2.0,2004.0,hillcrest,good,2,416700.0
1350.0,1,2.0,2003.0,riverside,good,1,316800.0
1880.0,3,2.0,2009.0,lakeview,good,0,570500.0
1630.0,3,2.0,1979.0,old town,fair,0,354200.0
1730.0,3,2.0,1996.0,old town,poor,2,329000.0
2060.0,3,2.0,1933.0,industrial,fair,1,312800.0
1870.0,3,1.0,2009.0,old town,fair,1,374500.0
1310.0,2,1.0,1958.0,riverside,good,1,326900.0
1670.0,3,2.0,1983.0,riverside,good,1,406400.0
1270.0,2,1.0,1991.0,riverside,good,1,255500.0
2550.0,4,2.0,,hillcrest,good,2,722100.0
2120.0,5,3.0,1980.0,industrial,good,0,282700.0
1000.0,3,2.0,1992.0,hillcrest,fair,2,311700.0
690.0,2,1.0,1966.0,lakeview,poor,1,169100.0
1340.0,1,1.0,1998.0,lakeview,poor,0,320200.0
1430.0,3,2.0,,lakeview,fair,1,350100.0
2050.0,4,2.0,1998.0,lakeview,good,0,560000.0
3110.0,6,3.0,1975.0,old town,fair,0,625900.0
1460.0,2,1.0,1949.0,lakeview,fair,2,436700.0
1390.0,3,1.0,1940.0,hillcrest,good,1,382900.0
1430.0,2,1.0,1941.0,riverside,excellent,0,320800.0
1430.0,2,1.0,2011.0,riverside,excellent,0,402100.0
890.0,2,1.0,1948.0,riverside,good,1,198500.0
1560.0,3,1.0,1991.0,hillcrest,fair,0,372400.0
1650.0,3,2.0,2016.0,hillcrest,fair,0,371400.0
1820.0,3,3.0,1966.0,industrial,fair,0,242300.0
2900.0,5,3.0,2021.0,lakeview,poor,0,662300.0
1970.0,3,2.0,2017.0,industrial,fair,1,313600.0
1820.0,3,2.0,1932.0,riverside,fair,1,310300.0
2050.0,3,2.0,2011.0,lakeview,good,1,654700.0
1630.0,2,1.0,1977.0,riverside,good,0,300600.0
1680.0,3,2.0,1944.0,riverside,good,1,386600.0
980.0,1,1.0,1939.0,old town,good,2,268000.0
2100.0,4,2.0,1997.0,old town,good,0,601200.0
1970.0,4,2.0,1978.0,old town,good,1,451800.0
1640.0,2,1.0,1950.0,old town,fair,2,416400.0
1420.0,1,1.0,1934.0,lakeview,poor,2,407800.0
940.0,1,1.0,2003.0,hillcrest,fair,1,268400.0
2360.0,4,2.0,1948.0,riverside,excellent,2,568000.0
2030.0,3,1.0,2013.0,hillcrest,fair,1,447200.0
2000.0,3,1.0,1955.0,lakeview,fair,2,524800.0
1910.0,2,1.0,1922.0,riverside,good,2,384100.0
2090.0,4,2.0,1954.0,riverside,good,1,435000.0
2180.0,4,3.0,1993.0,old town,excellent,1,604900.0
730.0,1,1.0,1974.0,lakeview,good,0,226900.0
1320.0,2,2.0,1925.0,lakeview,good,1,370800.0
1270.0,4,2.0,1974.0,industrial,good,1,196200.0
1980.0,4,2.0,1979.0,industrial,good,1,283600.0
1320.0,2,1.0,2021.0,hillcrest,good,1,420200.0
2090.0,3,2.0,2022.0,hillcrest,good,1,653700.0
1430.0,4,2.0,2017.0,hillcrest,good,0,358000.0
2190.0,4,2.0,1962.0,lakeview,fair,0,690400.0
1940.0,2,2.0,1923.0,lakeview,excellent,1,537400.0
1350.0,3,2.0,1985.0,riverside,excellent,1,335900.0
1570.0,2,2.0,1953.0,old town,fair,2,333400.0
2560.0,4,2.0,1927.0,old town,fair,0,471000.0
2290.0,5,4.0,1977.0,hillcrest,poor,1,502900.0
2080.0,4,2.0,1940.0,hillcrest,good,2,580000.0
1760.0,3,2.0,1977.0,riverside,fair,0,318900.0
1950.0,4,2.0,1967.0,riverside,excellent,1,485500.0
1620.0,3,2.0,1932.0,industrial,excellent,1,260200.0
1610.0,2,1.0,2008.0,old town,good,0,423000.0
1860.0,2,2.0,2024.0,lakeview,fair,1,535100.0
2250.0,4,1.0,1985.0,industrial,fair,2,343500.0
1600.0,4,2.0,1962.0,old town,fair,2,435400.0
2050.0,4,2.0,1926.0,riverside,good,1,381900.0
1470.0,2,2.0,1923.0,hillcrest,good,1,395100.0
740.0,1,1.0,2022.0,old town,fair,1,195100.0
1060.0,1,1.0,1973.0,hillcrest,excellent,2,345800.0
1460.0,3,2.0,1983.0,hillcrest,fair,0,368900.0
2140.0,4,3.0,,riverside,good,1,430600.0
2050.0,3,2.0,1946.0,riverside,excellent,0,457400.0
1620.0,3,3.0,1930.0,riverside,fair,2,381500.0
1690.0,3,3.0,1970.0,lakeview,good,2,522900.0
2130.0,3,2.0,2017.0,hillcrest,good,2,562800.0
1260.0,2,2.0,1998.0,hillcrest,good,1,361000.0
1580.0,3,1.0,1997.0,hillcrest,good,0,424700.0
1600.0,1,1.0,1946.0,riverside,fair,2,402900.0
780.0,1,1.0,1920.0,industrial,good,2,138800.0
2230.0,4,3.0,2007.0,old town,poor,1,447100.0
2390.0,5,3.0,1953.0,riverside,fair,1,427500.0
1970.0,3,1.0,1949.0,hillcrest,fair,1,445700.0
2230.0,3,2.0,2004.0,riverside,good,1,447400.0
2230.0,3,1.0,2001.0,riverside,fair,1,424400.0
2270.0,4,2.0,1944.0,old town,good,0,454000.0
1790.0,3,1.0,1920.0,old town,good,1,407900.0
1770.0,3,2.0,1959.0,riverside,poor,1,257000.0
640.0,3,2.0,1972.0,lakeview,fair,1,189800.0
2140.0,4,2.0,1975.0,hillcrest,excellent,2,593300.0
1420.0,2,2.0,1987.0,riverside,good,2,404300.0
790.0,1,1.0,2007.0,industrial,good,1,152100.0
1450.0,3,2.0,1984.0,hillcrest,fair,0,346000.0
1910.0,4,3.0,1949.0,lakeview,good,1,556000.0
1890.0,4,2.0,2020.0,riverside,fair,1,346800.0
1600.0,2,1.0,1924.0,industrial,fair,1,207300.0
1720.0,2,1.0,1946.0,hillcrest,fair,2,429600.0
500.0,1,1.0,1957.0,industrial,good,0,72200.0
2510.0,4,2.0,2019.0,riverside,good,2,573900.0
500.0,1,1.0,1991.0,lakeview,good,2,166600.0
1310.0,3,2.0,2021.0,old town,good,2,357600.0
2480.0,5,4.0,1958.0,hillcrest,fair,1,514600.0
1720.0,3,2.0,1986.0,riverside,fair,1,376400.0
1310.0,2,1.0,2001.0,lakeview,good,1,385600.0
1830.0,4,3.0,1953.0,hillcrest,good,0,359900.0
1370.0,2,1.0,1988.0,riverside,fair,1,315700.0
2250.0,4,2.0,1944.0,riverside,good,1,488000.0
1460.0,2,1.0,1987.0,lakeview,fair,1,385800.0
1840.0,3,2.0,1990.0,lakeview,fair,1,468100.0
1810.0,3,2.0,1920.0,riverside,fair,2,312600.0
920.0,1,1.0,1925.0,lakeview,fair,2,260800.0
1090.0,2,1.0,,industrial,good,2,162000.0
1690.0,2,1.0,1980.0,riverside,poor,2,301200.0
910.0,2,1.0,1925.0,hillcrest,poor,1,207300.0
1800.0,3,2.0,2017.0,old town,fair,2,393800.0
790.0,2,1.0,1928.0,hillcrest,good,1,194600.0
1400.0,2,2.0,1955.0,hillcrest,poor,1,272100.0
960.0,1,1.0,1938.0,lakeview,good,1,254200.0
500.0,1,1.0,1953.0,riverside,fair,1,154200.0
2340.0,2,1.0,1967.0,hillcrest,good,1,644500.0
770.0,1,1.0,1974.0,lakeview,good,1,222200.0
1060.0,3,2.0,1933.0,lakeview,good,1,294100.0
1740.0,3,1.0,1943.0,lakeview,excellent,2,561600.0
2390.0,5,3.0,1935.0,old town,excellent,2,745800.0
1230.0,3,1.0,2010.0,hillcrest,good,1,354900.0
2290.0,4,2.0,1972.0,hillcrest,fair,1,514800.0
1000.0,1,1.0,2005.0,industrial,good,2,196400.0
2160.0,3,2.0,1952.0,lakeview,excellent,1,677900.0
2110.0,5,3.0,1923.0,riverside,excellent,1,534800.0
1290.0,2,2.0,2002.0,riverside,fair,0,240000.0
1810.0,3,1.0,2003.0,lakeview,good,2,554700.0
1210.0,2,2.0,1967.0,riverside,good,0,273300.0
1080.0,3,2.0,1968.0,old town,fair,2,339500.0
1320.0,2,2.0,1994.0,old town,excellent,2,348300.0
1640.0,2,1.0,1986.0,riverside,excellent,1,371900.0
1730.0,3,2.0,2016.0,lakeview,good,0,470500.0
580.0,1,1.0,2005.0,old town,fair,1,160000.0
1390.0,3,2.0,1939.0,riverside,excellent,1,308300.0
1680.0,2,2.0,2019.0,old town,good,1,410900.0
2960.0,3,2.0,2003.0,lakeview,good,1,767400.0
2150.0,4,2.0,2023.0,lakeview,excellent,1,683700.0
1760.0,2,1.0,1989.0,riverside,good,0,405600.0
1580.0,3,1.0,1955.0,hillcrest,fair,1,456400.0
1050.0,2,1.0,1969.0,hillcrest,good,1,302500.0
1000.0,2,2.0,1978.0,hillcrest,excellent,2,301100.0
2190.0,4,3.0,1936.0,riverside,good,0,454900.0
2170.0,3,2.0,1989.0,old town,good,1,572100.0
2760.0,5,3.0,1920.0,old town,good,1,625800.0
1490.0,3,2.0,2010.0,hillcrest,fair,1,293600.0
2410.0,4,2.0,1946.0,riverside,excellent,2,570800.0
1690.0,1,1.0,1946.0,hillcrest,fair,1,417200.0
1460.0,2,1.0,1959.0,industrial,poor,1,160600.0
2230.0,3,2.0,1920.0,old town,good,0,502600.0
1670.0,4,2.0,1922.0,riverside,good,1,331500.0
1450.0,2,1.0,1938.0,industrial,fair,1,185400.0
2580.0,4,2.0,1923.0,old town,excellent,1,680300.0
1430.0,2,2.0,1931.0,hillcrest,fair,2,353300.0
2320.0,3,2.0,1957.0,hillcrest,fair,0,534600.0
2460.0,4,3.0,,lakeview,good,2,744800.0
1900.0,2,1.0,1973.0,riverside,excellent,0,509800.0
1310.0,3,2.0,2022.0,riverside,excellent,0,295300.0
1190.0,3,2.0,,riverside,good,2,241100.0
840.0,2,2.0,2006.0,old town,excellent,2,282900.0
2330.0,4,3.0,1940.0,lakeview,excellent,0,844700.0
1400.0,3,2.0,1977.0,industrial,excellent,1,247100.0
1330.0,2,1.0,2006.0,old town,good,2,335500.0
1830.0,3,2.0,,lakeview,excellent,0,588400.0
1790.0,3,2.0,1978.0,industrial,good,2,293600.0
1310.0,3,2.0,2009.0,riverside,good,0,265500.0
1650.0,3,2.0,2006.0,old town,fair,1,423600.0
2010.0,3,2.0,2002.0,riverside,excellent,1,515300.0
3020.0,6,4.0,1957.0,industrial,excellent,0,463200.0
1440.0,2,1.0,1979.0,lakeview,fair,2,407500.0
1840.0,3,1.0,1998.0,hillcrest,good,0,479600.0
1770.0,3,2.0,1994.0,old town,excellent,1,456200.0
2240.0,5,2.0,2015.0,riverside,fair,1,451900.0
2560.0,3,2.0,1998.0,old town,fair,1,499600.0
1380.0,2,1.0,2015.0,lakeview,good,1,471200.0
900.0,1,2.0,1958.0,lakeview,excellent,0,333700.0
2320.0,4,2.0,1963.0,hillcrest,good,1,668000.0
2560.0,4,2.0,1956.0,hillcrest,fair,1,633400.0
1810.0,3,2.0,1962.0,industrial,good,1,287000.0
1420.0,1,1.0,1975.0,hillcrest,good,1,328900.0
1010.0,2,1.0,1988.0,hillcrest,fair,2,287300.0
1450.0,2,1.0,2007.0,old town,excellent,1,365300.0
1500.0,1,1.0,1948.0,riverside,good,0,316700.0
1050.0,1,1.0,1989.0,riverside,good,1,219300.0
1280.0,3,2.0,1961.0,old town,excellent,1,304500.0
880.0,2,1.0,1929.0,hillcrest,excellent,2,245800.0
910.0,3,3.0,1999.0,hillcrest,fair,0,241100.0
1450.0,2,1.0,1948.0,riverside,fair,1,270000.0
1580.0,2,1.0,1940.0,hillcrest,good,0,311800.0
2270.0,5,3.0,1975.0,riverside,good,1,480000.0
1930.0,3,2.0,1928.0,riverside,good,1,428000.0
2290.0,4,3.0,1979.0,old town,fair,0,506100.0
1810.0,4,2.0,,riverside,good,0,352900.0
2060.0,2,1.0,1969.0,hillcrest,good,2,613500.0
2090.0,5,3.0,,lakeview,good,1,630200.0
1990.0,3,3.0,1929.0,industrial,excellent,0,322900.0
990.0,2,1.0,1945.0,lakeview,excellent,0,308900.0
2310.0,6,3.0,1931.0,industrial,excellent,1,371100.0
1880.0,5,3.0,1973.0,old town,good,1,462400.0
1120.0,1,1.0,1974.0,riverside,fair,2,256300.0
1150.0,2,1.0,1973.0,hillcrest,fair,1,289400.0
2100.0,3,2.0,1984.0,lakeview,fair,1,532400.0
2030.0,3,2.0,2006.0,lakeview,excellent,1,703000.0
1870.0,3,2.0,1992.0,lakeview,excellent,1,559700.0
980.0,2,1.0,1966.0,industrial,good,1,178900.0
1880.0,4,2.0,2011.0,lakeview,good,2,615500.0
2940.0,7,4.0,1956.0,hillcrest,fair,2,696900.0
2060.0,3,2.0,2014.0,riverside,good,2,457300.0
2670.0,5,4.0,1942.0,industrial,good,0,401600.0
1080.0,1,2.0,1937.0,riverside,good,1,283600.0
500.0,1,1.0,1976.0,riverside,fair,1,136900.0
880.0,2,1.0,2002.0,lakeview,good,1,306800.0
2370.0,4,3.0,1989.0,lakeview,fair,0,643800.0
2690.0,5,2.0,1925.0,old town,good,1,558600.0
1250.0,3,1.0,2012.0,hillcrest,fair,0,320100.0
1660.0,3,1.0,1934.0,industrial,good,1,248800.0
1870.0,3,2.0,1963.0,industrial,good,0,261700.0
1590.0,2,1.0,1987.0,industrial,good,0,268200.0
1840.0,3,2.0,1981.0,hillcrest,good,2,559600.0
1850.0,4,3.0,2013.0,old town,good,0,437700.0
1770.0,3,2.0,1954.0,hillcrest,good,2,514900.0
1460.0,1,1.0,,riverside,good,2,386700.0
2300.0,3,2.0,1972.0,lakeview,good,1,655800.0
2300.0,4,2.0,1986.0,industrial,excellent,1,341300.0
1400.0,2,2.0,2010.0,industrial,good,1,214000.0
1990.0,4,2.0,1958.0,hillcrest,fair,2,409500.0
2180.0,5,3.0,2005.0,riverside,good,2,432700.0
1860.0,3,2.0,2002.0,riverside,good,1,435200.0
1700.0,3,2.0,2004.0,lakeview,fair,0,474300.0
2260.0,3,1.0,1987.0,lakeview,excellent,1,711300.0
1650.0,2,1.0,1948.0,riverside,good,1,356500.0
1560.0,2,1.0,2019.0,riverside,excellent,0,353000.0
2490.0,4,2.0,1948.0,lakeview,good,1,714100.0
1880.0,3,2.0,1968.0,lakeview,good,1,532000.0
1880.0,4,2.0,2009.0,riverside,excellent,0,420100.0
1090.0,2,2.0,2001.0,industrial,good,1,168600.0
1770.0,2,1.0,,lakeview,fair,2,483100.0
2420.0,4,3.0,1951.0,hillcrest,fair,1,622900.0
2390.0,4,2.0,2013.0,industrial,good,1,404000.0
2010.0,4,3.0,1940.0,old town,poor,0,377600.0
1140.0,2,1.0,1934.0,hillcrest,fair,2,256000.0
3060.0,5,3.0,1993.0,lakeview,good,0,796700.0
1930.0,2,1.0,1968.0,hillcrest,good,1,561200.0
2070.0,3,2.0,1982.0,industrial,excellent,2,355100.0
1100.0,1,1.0,1929.0,lakeview,poor,1,255200.0
1630.0,2,1.0,1923.0,riverside,excellent,1,342600.0
1940.0,3,1.0,1933.0,riverside,fair,1,397600.0
1140.0,3,2.0,1934.0,riverside,good,1,247600.0
1850.0,4,2.0,1986.0,riverside,good,2,418200.0
1300.0,1,1.0,2018.0,hillcrest,good,1,408200.0
2830.0,4,3.0,2016.0,old town,good,1,692600.0
1240.0,2,2.0,1949.0,riverside,good,0,243700.0
2000.0,4,2.0,1935.0,old town,good,2,472100.0
2490.0,5,4.0,1971.0,hillcrest,fair,2,721500.0
1370.0,3,2.0,1920.0,lakeview,fair,1,359000.0
1290.0,3,2.0,1920.0,riverside,fair,1,246200.0
1440.0,3,2.0,1941.0,hillcrest,good,1,372600.0
2440.0,5,3.0,1938.0,hillcrest,good,2,489100.0
1630.0,2,1.0,1955.0,old town,excellent,1,419600.0
1980.0,3,2.0,1977.0,industrial,poor,2,260500.0
2520.0,4,2.0,1971.0,riverside,good,1,579600.0
1910.0,3,2.0,1948.0,riverside,fair,2,330800.0
1290.0,2,1.0,2013.0,hillcrest,good,1,383400.0
790.0,1,1.0,1998.0,riverside,fair,1,187600.0
1590.0,3,3.0,1972.0,industrial,fair,1,223800.0
1920.0,4,2.0,1989.0,hillcrest,good,0,532300.0
2100.0,4,4.0,,hillcrest,good,0,611200.0
760.0,1,1.0,1971.0,lakeview,fair,1,237000.0
1050.0,1,1.0,1999.0,old town,good,1,300500.0
1640.0,2,1.0,1991.0,riverside,excellent,0,387200.0
2730.0,5,3.0,1998.0,lakeview,fair,1,749300.0
1450.0,3,2.0,1956.0,hillcrest,poor,2,316200.0
2340.0,4,2.0,1969.0,riverside,excellent,2,469700.0
2560.0,4,2.0,1961.0,industrial,poor,1,317300.0
2010.0,4,3.0,1988.0,industrial,good,2,335100.0
2450.0,3,1.0,2009.0,lakeview,fair,1,826500.0
840.0,2,1.0,1988.0,lakeview,good,1,252200.0
2880.0,5,3.0,1955.0,lakeview,good,2,893500.0
1360.0,2,1.0,1961.0,industrial,fair,0,184400.0
1750.0,3,2.0,1976.0,old town,fair,1,448100.0
1960.0,3,1.0,1920.0,riverside,good,1,372000.0
3000.0,6,4.0,1977.0,lakeview,excellent,2,1063500.0
3010.0,6,4.0,1987.0,old town,excellent,1,786000.0
1930.0,3,2.0,2007.0,hillcrest,good,2,524900.0
2050.0,3,1.0,1998.0,industrial,fair,2,316300.0
2000.0,5,3.0,1991.0,riverside,good,1,518700.0
2260.0,4,3.0,1941.0,lakeview,good,1,564600.0
1760.0,4,3.0,1945.0,lakeview,fair,2,407200.0
1510.0,2,1.0,1942.0,lakeview,poor,2,378200.0
1330.0,3,3.0,1977.0,old town,excellent,2,417700.0
1640.0,2,1.0,1963.0,old town,good,1,394600.0
1160.0,3,2.0,1940.0,old town,fair,2,287600.0
820.0,2,1.0,2020.0,old town,fair,0,184800.0
1320.0,2,1.0,,old town,fair,1,259200.0
2120.0,4,2.0,1987.0,old town,good,1,554000.0
2200.0,4,3.0,1950.0,lakeview,good,1,531300.0
2350.0,3,3.0,1920.0,riverside,poor,1,346700.0
1240.0,2,2.0,1948.0,industrial,excellent,2,219700.0
2120.0,4,3.0,1933.0,old town,fair,1,508100.0
1960.0,3,1.0,1974.0,lakeview,fair,0,462900.0
720.0,1,1.0,1964.0,industrial,good,1,115400.0
2450.0,4,2.0,1926.0,old town,fair,2,501500.0
1810.0,2,1.0,1954.0,industrial,fair,2,274200.0
2670.0,4,3.0,1971.0,old town,fair,0,448000.0
1510.0,2,2.0,1947.0,riverside,excellent,1,332500.0
1740.0,3,2.0,1935.0,old town,fair,1,350300.0
2050.0,3,1.0,,old town,good,0,510500.0
1450.0,2,1.0,2007.0,hillcrest,fair,0,367000.0
990.0,1,1.0,2002.0,old town,fair,2,263100.0
1700.0,4,3.0,1976.0,lakeview,excellent,0,479100.0
1690.0,2,1.0,1959.0,hillcrest,excellent,1,495200.0
2800.0,4,3.0,1944.0,old town,good,1,600200.0
2280.0,3,2.0,,industrial,good,0,302200.0
1570.0,2,2.0,1943.0,industrial,good,1,221200.0
850.0,1,1.0,1989.0,old town,good,1,224600.0
1530.0,3,2.0,1951.0,old town,good,1,383000.0
1340.0,3,3.0,1979.0,industrial,good,1,209300.0
930.0,1,1.0,2006.0,hillcrest,excellent,1,295800.0
1820.0,3,2.0,1920.0,lakeview,excellent,0,552500.0
1130.0,2,1.0,1971.0,old town,excellent,2,357300.0
1140.0,2,2.0,1981.0,hillcrest,good,1,356200.0
1600.0,3,1.0,2002.0,riverside,fair,1,306500.0
820.0,2,1.0,,old town,fair,1,233900.0
2050.0,3,1.0,1965.0,lakeview,good,1,512800.0
2210.0,4,2.0,1957.0,industrial,good,0,343700.0
