date,store,promo,sales
2025-01-01,north,0,257.0
2025-01-02,north,0,528.0
2025-01-03,north,0,592.0
2025-01-04,north,0,682.0
2025-01-05,north,0,638.0
2025-01-06,north,1,684.0
2025-01-07,north,0,477.0
2025-01-08,north,0,498.0
2025-01-09,north,0,496.0
2025-01-10,north,0,568.0
2025-01-11,north,0,591.0
2025-01-12,north,0,553.0
2025-01-13,north,0,398.0
2025-01-14,north,1,615.0
2025-01-15,north,0,494.0
2025-01-16,north,1,644.0
2025-01-17,north,1,765.0
2025-01-18,north,0,715.0
2025-01-19,north,0,570.0
2025-01-20,north,1,754.0
2025-01-21,north,1,705.0
2025-01-22,north,0,554.0
2025-01-23,north,0,520.0
2025-01-24,north,0,568.0
2025-01-25,north,0,640.0
2025-01-26,north,0,598.0
2025-01-27,north,0,459.0
2025-01-28,north,0,440.0
2025-01-29,north,1,738.0
2025-01-30,north,0,549.0
2025-01-31,north,0,602.0
2025-02-01,north,1,990.0
2025-02-02,north,0,593.0
2025-02-03,north,0,488.0
2025-02-04,north,0,472.0
2025-02-05,north,0,556.0
2025-02-06,north,0,490.0
2025-02-07,north,0,602.0
2025-02-08,north,0,728.0
2025-02-09,north,0,634.0
2025-02-10,north,0,480.0
2025-02-11,north,0,530.0
2025-02-12,north,0,524.0
2025-02-13,north,1,749.0
2025-02-14,north,0,604.0
2025-02-15,north,0,689.0
2025-02-16,north,0,616.0
2025-02-17,north,0,474.0
2025-02-18,north,0,474.0
2025-02-19,north,1,722.0
2025-02-20,north,0,552.0
2025-02-21,north,0,567.0
2025-02-22,north,0,742.0
2025-02-23,north,0,633.0
2025-02-24,north,0,460.0
2025-02-25,north,0,521.0
2025-02-26,north,0,460.0
2025-02-27,north,0,555.0
2025-02-28,north,0,605.0
2025-03-01,north,0,786.0
2025-03-02,north,1,884.0
2025-03-03,north,0,513.0
2025-03-04,north,1,748.0
2025-03-05,north,1,675.0
2025-03-06,north,0,510.0
2025-03-07,north,0,604.0
2025-03-08,north,0,717.0
2025-03-09,north,0,567.0
2025-03-10,north,1,750.0
2025-03-11,north,0,475.0
2025-03-12,north,0,477.0
2025-03-13,north,0,575.0
2025-03-14,north,0,658.0
2025-03-15,north,0,743.0
2025-03-16,north,0,645.0
2025-03-17,north,0,466.0
2025-03-18,north,0,515.0
2025-03-19,north,0,502.0
2025-03-20,north,0,532.0
2025-03-21,north,0,595.0
2025-03-22,north,0,705.0
2025-03-23,north,0,649.0
2025-03-24,north,0,547.0
2025-03-25,north,0,491.0
2025-03-26,north,0,579.0
2025-03-27,north,0,499.0
2025-03-28,north,0,599.0
2025-03-29,north,0,749.0
2025-03-30,north,0,652.0
2025-03-31,north,0,506.0
2025-04-01,north,0,497.0
2025-04-02,north,0,592.0
2025-04-03,north,0,514.0
2025-04-04,north,0,609.0
2025-04-05,north,0,780.0
2025-04-06,north,0,714.0
2025-04-07,north,1,752.0
2025-04-08,north,0,476.0
2025-04-09,north,0,508.0
2025-04-10,north,0,589.0
2025-04-11,north,1,825.0
2025-04-12,north,0,715.0
2025-04-13,north,0,631.0
2025-04-14,north,1,614.0
2025-04-15,north,1,719.0
2025-04-16,north,0,508.0
2025-04-17,north,0,533.0
2025-04-18,north,0,574.0
2025-04-19,north,0,739.0
2025-04-20,north,1,810.0
2025-04-21,north,0,554.0
2025-04-22,north,0,502.0
2025-04-23,north,0,532.0
2025-04-24,north,1,756.0
2025-04-25,north,0,685.0
2025-04-26,north,0,778.0
2025-04-27,north,0,669.0
2025-04-28,north,0,517.0
2025-04-29,north,0,537.0
2025-04-30,north,1,743.0
2025-05-01,north,0,510.0
2025-05-02,north,0,576.0
2025-05-03,north,0,736.0
2025-05-04,north,1,878.0
2025-05-05,north,0,464.0
2025-05-06,north,0,578.0
2025-05-07,north,0,528.0
2025-05-08,north,0,573.0
2025-05-09,north,0,580.0
2025-05-10,north,1,1054.0
2025-05-11,north,0,646.0
2025-05-12,north,0,527.0
2025-05-13,north,0,537.0
2025-05-14,north,0,578.0
2025-05-15,north,0,546.0
2025-05-16,north,0,632.0
2025-05-17,north,1,1066.0
2025-05-18,north,0,606.0
2025-05-19,north,0,509.0
2025-05-20,north,0,490.0
2025-05-21,north,0,566.0
2025-05-22,north,0,513.0
2025-05-23,north,0,695.0
2025-05-24,north,0,698.0
2025-05-25,north,0,725.0
2025-05-26,north,0,466.0
2025-05-27,north,0,553.0
2025-05-28,north,1,712.0
2025-05-29,north,0,525.0
2025-05-30,north,0,569.0
2025-05-31,north,0,754.0
2025-06-01,north,0,687.0
2025-06-02,north,0,549.0
2025-06-03,north,0,509.0
2025-06-04,north,0,511.0
2025-06-05,north,0,505.0
2025-06-06,north,0,611.0
2025-06-07,north,0,724.0
2025-06-08,north,1,868.0
2025-06-09,north,0,501.0
2025-06-10,north,0,533.0
2025-06-11,north,0,575.0
2025-06-12,north,0,521.0
2025-06-13,north,0,658.0
2025-06-14,north,0,759.0
2025-06-15,north,0,630.0
2025-06-16,north,0,501.0
2025-06-17,north,0,517.0
2025-06-18,north,0,517.0
2025-06-19,north,0,498.0
2025-06-20,north,0,582.0
2025-06-21,north,0,684.0
2025-06-22,north,0,642.0
2025-06-23,north,0,505.0
2025-06-24,north,0,587.0
2025-06-25,north,0,563.0
2025-06-26,north,1,778.0
2025-06-27,north,0,652.0
2025-06-28,north,0,724.0
2025-06-29,north,0,658.0
2025-06-30,north,0,554.0
2025-07-01,north,0,496.0
2025-07-02,north,0,583.0
2025-07-03,north,0,547.0
2025-07-04,north,0,305.0
2025-07-05,north,0,691.0
2025-07-06,north,0,700.0
2025-07-07,north,0,500.0
2025-07-08,north,0,570.0
2025-07-09,north,0,586.0
2025-07-10,north,0,536.0
2025-07-11,north,0,638.0
2025-07-12,north,0,717.0
2025-07-13,north,0,604.0
2025-07-14,north,0,505.0
2025-07-15,north,0,533.0
2025-07-16,north,0,512.0
2025-07-17,north,0,604.0
2025-07-18,north,0,672.0
2025-07-19,north,0,725.0
2025-07-20,north,0,652.0
2025-07-21,north,0,506.0
2025-07-22,north,0,528.0
2025-07-23,north,0,553.0
2025-07-24,north,0,630.0
2025-07-25,north,1,974.0
2025-07-26,north,0,755.0
2025-07-27,north,0,721.0
2025-07-28,north,0,592.0
2025-07-29,north,0,515.0
2025-07-30,north,0,543.0
2025-07-31,north,0,571.0
2025-08-01,north,0,646.0
2025-08-02,north,0,740.0
2025-08-03,north,0,655.0
2025-08-04,north,0,549.0
2025-08-05,north,0,546.0
2025-08-06,north,0,592.0
2025-08-07,north,0,543.0
2025-08-08,north,0,557.0
2025-08-09,north,0,729.0
2025-08-10,north,0,742.0
2025-08-11,north,0,517.0
2025-08-12,north,0,486.0
2025-08-13,north,0,583.0
2025-08-14,north,0,587.0
2025-08-15,north,1,845.0
2025-08-16,north,0,765.0
2025-08-17,north,0,656.0
2025-08-18,north,0,537.0
2025-08-19,north,0,481.0
2025-08-20,north,0,584.0
2025-08-21,north,0,525.0
2025-08-22,north,0,609.0
2025-08-23,north,1,997.0
2025-08-24,north,1,909.0
2025-08-25,north,1,648.0
2025-08-26,north,0,536.0
2025-08-27,north,1,826.0
2025-08-28,north,0,601.0
2025-08-29,north,0,639.0
2025-08-30,north,0,830.0
2025-08-31,north,0,627.0
2025-09-01,north,0,483.0
2025-09-02,north,1,652.0
2025-09-03,north,0,623.0
2025-09-04,north,0,571.0
2025-09-05,north,0,641.0
2025-09-06,north,0,827.0
2025-09-07,north,0,654.0
2025-09-08,north,0,534.0
2025-09-09,north,0,592.0
2025-09-10,north,1,760.0
2025-09-11,north,0,590.0
2025-09-12,north,0,624.0
2025-09-13,north,1,1027.0
2025-09-14,north,0,686.0
2025-09-15,north,0,549.0
2025-09-16,north,0,481.0
2025-09-17,north,0,561.0
2025-09-18,north,1,816.0
2025-09-19,north,0,637.0
2025-09-20,north,0,695.0
2025-09-21,north,0,773.0
2025-09-22,north,1,790.0
2025-09-23,north,0,574.0
2025-09-24,north,0,561.0
2025-09-25,north,0,577.0
2025-09-26,north,0,682.0
2025-09-27,north,0,740.0
2025-09-28,north,0,680.0
2025-09-29,north,1,674.0
2025-09-30,north,0,562.0
2025-10-01,north,0,601.0
2025-10-02,north,0,551.0
2025-10-03,north,1,921.0
2025-10-04,north,0,836.0
2025-10-05,north,0,655.0
2025-10-06,north,0,532.0
2025-10-07,north,0,531.0
2025-10-08,north,0,648.0
2025-10-09,north,0,659.0
2025-10-10,north,0,613.0
2025-10-11,north,0,883.0
2025-10-12,north,0,752.0
2025-10-13,north,0,487.0
2025-10-14,north,0,640.0
2025-10-15,north,0,534.0
2025-10-16,north,0,617.0
2025-10-17,north,0,742.0
2025-10-18,north,1,1018.0
2025-10-19,north,0,694.0
2025-10-20,north,0,523.0
2025-10-21,north,0,620.0
2025-10-22,north,0,584.0
2025-10-23,north,0,621.0
2025-10-24,north,0,582.0
2025-10-25,north,0,738.0
2025-10-26,north,0,670.0
2025-10-27,north,0,564.0
2025-10-28,north,0,540.0
2025-10-29,north,0,516.0
2025-10-30,north,0,525.0
2025-10-31,north,0,666.0
2025-11-01,north,0,756.0
2025-11-02,north,1,942.0
2025-11-03,north,0,528.0
2025-11-04,north,0,539.0
2025-11-05,north,0,577.0
2025-11-06,north,0,606.0
2025-11-07,north,0,614.0
2025-11-08,north,0,779.0
2025-11-09,north,0,739.0
2025-11-10,north,0,543.0
2025-11-11,north,0,631.0
2025-11-12,north,0,549.0
2025-11-13,north,0,560.0
2025-11-14,north,0,618.0
2025-11-15,north,0,855.0
2025-11-16,north,0,700.0
2025-11-17,north,0,566.0
2025-11-18,north,0,568.0
2025-11-19,north,1,776.0
2025-11-20,north,0,598.0
2025-11-21,north,0,606.0
2025-11-22,north,0,786.0
2025-11-23,north,0,702.0
2025-11-24,north,0,620.0
2025-11-25,north,0,571.0
2025-11-26,north,0,616.0
2025-11-27,north,0,306.0
2025-11-28,north,0,672.0
2025-11-29,north,0,784.0
2025-11-30,north,1,933.0
2025-12-01,north,1,853.0
2025-12-02,north,0,581.0
2025-12-03,north,0,619.0
2025-12-04,north,0,670.0
2025-12-05,north,0,661.0
2025-12-06,north,0,769.0
2025-12-07,north,0,748.0
2025-12-08,north,0,524.0
2025-12-09,north,0,539.0
2025-12-10,north,0,589.0
2025-12-11,north,1,872.0
2025-12-12,north,0,597.0
2025-12-13,north,1,1094.0
2025-12-14,north,0,716.0
2025-12-15,north,0,627.0
2025-12-16,north,0,628.0
2025-12-17,north,0,604.0
2025-12-18,north,0,588.0
2025-12-19,north,0,627.0
2025-12-20,north,1,1055.0
2025-12-21,north,0,769.0
2025-12-22,north,0,513.0
2025-12-23,north,0,522.0
2025-12-24,north,0,593.0
2025-12-25,north,0,289.0
2025-12-26,north,0,703.0
2025-12-27,north,0,888.0
2025-12-28,north,0,718.0
2025-12-29,north,0,530.0
2025-12-30,north,0,587.0
2025-12-31,north,0,578.0
2026-01-01,north,0,304.0
2026-01-02,north,0,607.0
2026-01-03,north,0,879.0
2026-01-04,north,0,778.0
2026-01-05,north,1,713.0
2026-01-06,north,1,768.0
2026-01-07,north,0,647.0
2026-01-08,north,0,673.0
2026-01-09,north,0,668.0
2026-01-10,north,0,831.0
2026-01-11,north,0,706.0
2026-01-12,north,0,603.0
2026-01-13,north,0,527.0
2026-01-14,north,0,616.0
2026-01-15,north,0,527.0
2026-01-16,north,0,668.0
2026-01-17,north,0,873.0
2026-01-18,north,0,846.0
2026-01-19,north,0,551.0
2026-01-20,north,0,559.0
2026-01-21,north,0,578.0
2026-01-22,north,0,626.0
2026-01-23,north,0,676.0
2026-01-24,north,0,821.0
2026-01-25,north,0,629.0
2026-01-26,north,0,558.0
2026-01-27,north,0,528.0
2026-01-28,north,0,544.0
2026-01-29,north,0,625.0
2026-01-30,north,0,645.0
2026-01-31,north,0,819.0
2026-02-01,north,0,731.0
2026-02-02,north,1,655.0
2026-02-03,north,0,600.0
2026-02-04,north,0,622.0
2026-02-05,north,0,675.0
2026-02-06,north,0,775.0
2026-02-07,north,0,814.0
2026-02-08,north,0,782.0
2026-02-09,north,0,553.0
2026-02-10,north,0,599.0
2026-02-11,north,0,617.0
2026-02-12,north,0,552.0
2026-02-13,north,0,717.0
2026-02-14,north,0,854.0
2026-02-15,north,0,688.0
2026-02-16,north,1,773.0
2026-02-17,north,0,587.0
2026-02-18,north,0,565.0
2026-02-19,north,0,637.0
2026-02-20,north,0,624.0
2026-02-21,north,0,865.0
2026-02-22,north,0,695.0
2026-02-23,north,0,553.0
2026-02-24,north,0,558.0
2026-02-25,north,0,590.0
2026-02-26,north,0,639.0
2026-02-27,north,0,733.0
2026-02-28,north,0,890.0
2026-03-01,north,0,788.0
2026-03-02,north,1,776.0
2026-03-03,north,0,552.0
2026-03-04,north,0,654.0
2026-03-05,north,0,637.0
2026-03-06,north,0,750.0
2026-03-07,north,0,753.0
2026-03-08,north,0,709.0
2026-03-09,north,0,575.0
2026-03-10,north,0,566.0
2026-03-11,north,0,634.0
2026-03-12,north,0,633.0
2026-03-13,north,0,718.0
2026-03-14,north,0,856.0
2026-03-15,north,0,761.0
2026-03-16,north,0,556.0
2026-03-17,north,1,796.0
2026-03-18,north,0,600.0
2026-03-19,north,0,609.0
2026-03-20,north,0,637.0
2026-03-21,north,0,794.0
2026-03-22,north,0,740.0
2026-03-23,north,0,589.0
2026-03-24,north,0,617.0
2026-03-25,north,0,652.0
2026-03-26,north,1,877.0
2026-03-27,north,0,692.0
2026-03-28,north,0,832.0
2026-03-29,north,0,705.0
2026-03-30,north,0,576.0
2026-03-31,north,0,631.0
2026-04-01,north,0,644.0
2026-04-02,north,0,608.0
2026-04-03,north,0,681.0
2026-04-04,north,0,879.0
2026-04-05,north,1,1024.0
2026-04-06,north,0,579.0
2026-04-07,north,0,569.0
2026-04-08,north,0,653.0
2026-04-09,north,0,623.0
2026-04-10,north,0,688.0
2026-04-11,north,0,808.0
2026-04-12,north,0,688.0
2026-04-13,north,0,589.0
2026-04-14,north,0,580.0
2026-04-15,north,0,630.0
2026-04-16,north,0,653.0
2026-04-17,north,0,730.0
2026-04-18,north,0,761.0
2026-04-19,north,0,768.0
2026-04-20,north,0,581.0
2026-04-21,north,0,633.0
2026-04-22,north,0,646.0
2026-04-23,north,0,598.0
2026-04-24,north,0,692.0
2026-04-25,north,0,871.0
2026-04-26,north,0,778.0
2026-04-27,north,0,600.0
2026-04-28,north,0,618.0
2026-04-29,north,0,632.0
2026-04-30,north,0,634.0
2026-05-01,north,0,681.0
2026-05-02,north,0,858.0
2026-05-03,north,1,940.0
2026-05-04,north,0,613.0
2026-05-05,north,0,586.0
2026-05-06,north,0,667.0
2026-05-07,north,1,835.0
2026-05-08,north,1,964.0
2026-05-09,north,0,824.0
2026-05-10,north,0,790.0
2026-05-11,north,0,572.0
2026-05-12,north,0,644.0
2026-05-13,north,1,843.0
2026-05-14,north,1,882.0
2026-05-15,north,0,707.0
2026-05-16,north,0,866.0
2026-05-17,north,0,738.0
2026-05-18,north,1,898.0
2026-05-19,north,0,557.0
2026-05-20,north,0,593.0
2026-05-21,north,0,546.0
2026-05-22,north,0,719.0
2026-05-23,north,0,818.0
2026-05-24,north,0,699.0
2026-05-25,north,0,572.0
2026-05-26,north,0,636.0
2026-05-27,north,0,668.0
2026-05-28,north,1,820.0
2026-05-29,north,0,704.0
2026-05-30,north,1,1261.0
2026-05-31,north,0,833.0
2026-06-01,north,0,551.0
2026-06-02,north,0,632.0
2026-06-03,north,0,590.0
2026-06-04,north,0,606.0
2026-06-05,north,0,758.0
2026-06-06,north,0,864.0
2026-06-07,north,0,906.0
2026-06-08,north,1,789.0
2026-06-09,north,1,827.0
2026-06-10,north,0,620.0
2026-06-11,north,0,623.0
2026-06-12,north,0,725.0
2026-06-13,north,0,856.0
2026-06-14,north,0,817.0
2026-06-15,north,0,630.0
2026-06-16,north,0,629.0
2026-06-17,north,0,589.0
2026-06-18,north,0,622.0
2026-06-19,north,1,1023.0
2026-06-20,north,0,841.0
2026-06-21,north,0,799.0
2026-06-22,north,0,621.0
2026-06-23,north,0,657.0
2026-06-24,north,0,569.0
2026-06-25,north,0,693.0
2026-06-26,north,0,694.0
2026-06-27,north,0,801.0
2026-06-28,north,0,825.0
2026-06-29,north,0,592.0
2026-06-30,north,0,604.0
2026-07-01,north,0,
2026-07-02,north,0,
2026-07-03,north,1,
2026-07-04,north,0,
2026-07-05,north,0,
2026-07-06,north,0,
2026-07-07,north,0,
2026-07-08,north,0,
2026-07-09,north,0,
2026-07-10,north,1,
2026-07-11,north,0,
2026-07-12,north,0,
2026-07-13,north,0,
2026-07-14,north,0,
2025-01-01,south,0,165.0
2025-01-02,south,0,286.0
2025-01-03,south,0,347.0
2025-01-04,south,0,431.0
2025-01-05,south,0,372.0
2025-01-06,south,0,270.0
2025-01-07,south,0,241.0
2025-01-08,south,0,298.0
2025-01-09,south,1,427.0
2025-01-10,south,0,357.0
2025-01-11,south,0,498.0
2025-01-12,south,1,514.0
2025-01-13,south,1,357.0
2025-01-14,south,0,310.0
2025-01-15,south,1,414.0
2025-01-16,south,0,290.0
2025-01-17,south,0,342.0
2025-01-18,south,0,438.0
2025-01-19,south,0,364.0
2025-01-20,south,0,266.0
2025-01-21,south,0,296.0
2025-01-22,south,0,329.0
2025-01-23,south,0,287.0
2025-01-24,south,0,310.0
2025-01-25,south,0,446.0
2025-01-26,south,0,350.0
2025-01-27,south,0,289.0
2025-01-28,south,0,287.0
2025-01-29,south,0,323.0
2025-01-30,south,0,292.0
2025-01-31,south,0,332.0
2025-02-01,south,0,414.0
2025-02-02,south,0,408.0
2025-02-03,south,0,263.0
2025-02-04,south,0,279.0
2025-02-05,south,0,299.0
2025-02-06,south,0,326.0
2025-02-07,south,0,315.0
2025-02-08,south,0,464.0
2025-02-09,south,0,360.0
2025-02-10,south,0,262.0
2025-02-11,south,0,285.0
2025-02-12,south,0,312.0
2025-02-13,south,0,337.0
2025-02-14,south,0,321.0
2025-02-15,south,0,423.0
2025-02-16,south,0,376.0
2025-02-17,south,0,265.0
2025-02-18,south,0,279.0
2025-02-19,south,0,333.0
2025-02-20,south,0,326.0
2025-02-21,south,0,343.0
2025-02-22,south,0,439.0
2025-02-23,south,1,517.0
2025-02-24,south,0,290.0
2025-02-25,south,0,330.0
2025-02-26,south,0,288.0
2025-02-27,south,0,316.0
2025-02-28,south,0,351.0
2025-03-01,south,0,462.0
2025-03-02,south,0,390.0
2025-03-03,south,0,289.0
2025-03-04,south,0,313.0
2025-03-05,south,1,449.0
2025-03-06,south,0,314.0
2025-03-07,south,0,365.0
2025-03-08,south,0,387.0
2025-03-09,south,0,385.0
2025-03-10,south,0,275.0
2025-03-11,south,0,290.0
2025-03-12,south,0,346.0
2025-03-13,south,0,320.0
2025-03-14,south,0,332.0
2025-03-15,south,0,419.0
2025-03-16,south,0,389.0
2025-03-17,south,0,249.0
2025-03-18,south,0,297.0
2025-03-19,south,1,421.0
2025-03-20,south,0,315.0
2025-03-21,south,0,330.0
2025-03-22,south,0,432.0
2025-03-23,south,0,389.0
2025-03-24,south,0,289.0
2025-03-25,south,0,318.0
2025-03-26,south,0,296.0
2025-03-27,south,0,308.0
2025-03-28,south,0,312.0
2025-03-29,south,0,384.0
2025-03-30,south,0,385.0
2025-03-31,south,0,292.0
2025-04-01,south,1,421.0
2025-04-02,south,0,310.0
2025-04-03,south,0,312.0
2025-04-04,south,0,329.0
2025-04-05,south,0,405.0
2025-04-06,south,0,373.0
2025-04-07,south,0,275.0
2025-04-08,south,0,272.0
2025-04-09,south,0,320.0
2025-04-10,south,0,343.0
2025-04-11,south,0,328.0
2025-04-12,south,0,443.0
2025-04-13,south,0,409.0
2025-04-14,south,0,285.0
2025-04-15,south,0,289.0
2025-04-16,south,0,317.0
2025-04-17,south,0,322.0
2025-04-18,south,0,316.0
2025-04-19,south,0,362.0
2025-04-20,south,0,409.0
2025-04-21,south,0,276.0
2025-04-22,south,0,322.0
2025-04-23,south,1,435.0
2025-04-24,south,0,301.0
2025-04-25,south,0,339.0
2025-04-26,south,0,476.0
2025-04-27,south,0,391.0
2025-04-28,south,0,259.0
2025-04-29,south,0,300.0
2025-04-30,south,0,312.0
2025-05-01,south,1,422.0
2025-05-02,south,0,369.0
2025-05-03,south,0,436.0
2025-05-04,south,0,351.0
2025-05-05,south,0,270.0
2025-05-06,south,0,283.0
2025-05-07,south,0,306.0
2025-05-08,south,1,446.0
2025-05-09,south,0,343.0
2025-05-10,south,1,571.0
2025-05-11,south,0,388.0
2025-05-12,south,0,283.0
2025-05-13,south,0,322.0
2025-05-14,south,0,289.0
2025-05-15,south,0,299.0
2025-05-16,south,0,343.0
2025-05-17,south,0,396.0
2025-05-18,south,1,547.0
2025-05-19,south,0,224.0
2025-05-20,south,0,307.0
2025-05-21,south,0,317.0
2025-05-22,south,0,325.0
2025-05-23,south,1,463.0
2025-05-24,south,0,443.0
2025-05-25,south,1,521.0
2025-05-26,south,0,283.0
2025-05-27,south,0,254.0
2025-05-28,south,0,313.0
2025-05-29,south,0,337.0
2025-05-30,south,0,339.0
2025-05-31,south,1,619.0
2025-06-01,south,0,379.0
2025-06-02,south,1,400.0
2025-06-03,south,0,264.0
2025-06-04,south,0,324.0
2025-06-05,south,0,332.0
2025-06-06,south,0,351.0
2025-06-07,south,0,410.0
2025-06-08,south,0,352.0
2025-06-09,south,0,274.0
2025-06-10,south,1,397.0
2025-06-11,south,0,353.0
2025-06-12,south,0,335.0
2025-06-13,south,0,385.0
2025-06-14,south,0,424.0
2025-06-15,south,0,376.0
2025-06-16,south,0,268.0
2025-06-17,south,0,305.0
2025-06-18,south,0,366.0
2025-06-19,south,1,436.0
2025-06-20,south,0,389.0
2025-06-21,south,0,409.0
2025-06-22,south,0,381.0
2025-06-23,south,0,283.0
2025-06-24,south,0,302.0
2025-06-25,south,0,324.0
2025-06-26,south,0,353.0
2025-06-27,south,0,361.0
2025-06-28,south,0,451.0
2025-06-29,south,0,368.0
2025-06-30,south,1,384.0
2025-07-01,south,0,310.0
2025-07-02,south,0,325.0
2025-07-03,south,0,283.0
2025-07-04,south,0,160.0
2025-07-05,south,0,437.0
2025-07-06,south,0,368.0
2025-07-07,south,0,257.0
2025-07-08,south,0,288.0
2025-07-09,south,0,300.0
2025-07-10,south,0,291.0
2025-07-11,south,1,465.0
2025-07-12,south,1,541.0
2025-07-13,south,0,379.0
2025-07-14,south,0,286.0
2025-07-15,south,0,314.0
2025-07-16,south,1,434.0
2025-07-17,south,0,310.0
2025-07-18,south,0,340.0
2025-07-19,south,0,503.0
2025-07-20,south,0,394.0
2025-07-21,south,0,273.0
2025-07-22,south,0,267.0
2025-07-23,south,0,327.0
2025-07-24,south,0,288.0
2025-07-25,south,0,354.0
2025-07-26,south,1,582.0
2025-07-27,south,1,504.0
2025-07-28,south,0,283.0
2025-07-29,south,1,394.0
2025-07-30,south,0,322.0
2025-07-31,south,0,288.0
2025-08-01,south,0,353.0
2025-08-02,south,0,426.0
2025-08-03,south,0,393.0
2025-08-04,south,0,282.0
2025-08-05,south,0,324.0
2025-08-06,south,0,315.0
2025-08-07,south,0,339.0
2025-08-08,south,1,530.0
2025-08-09,south,0,486.0
2025-08-10,south,0,379.0
2025-08-11,south,0,280.0
2025-08-12,south,0,322.0
2025-08-13,south,0,311.0
2025-08-14,south,0,339.0
2025-08-15,south,0,328.0
2025-08-16,south,1,605.0
2025-08-17,south,0,386.0
2025-08-18,south,1,400.0
2025-08-19,south,0,289.0
2025-08-20,south,0,317.0
2025-08-21,south,1,458.0
2025-08-22,south,0,309.0
2025-08-23,south,0,397.0
2025-08-24,south,0,413.0
2025-08-25,south,0,302.0
2025-08-26,south,0,318.0
2025-08-27,south,0,322.0
2025-08-28,south,0,322.0
2025-08-29,south,0,351.0
2025-08-30,south,0,444.0
2025-08-31,south,0,385.0
2025-09-01,south,0,276.0
2025-09-02,south,0,308.0
2025-09-03,south,0,362.0
2025-09-04,south,0,298.0
2025-09-05,south,1,476.0
2025-09-06,south,1,568.0
2025-09-07,south,0,378.0
2025-09-08,south,0,330.0
2025-09-09,south,0,295.0
2025-09-10,south,0,313.0
2025-09-11,south,1,450.0
2025-09-12,south,0,403.0
2025-09-13,south,1,599.0
2025-09-14,south,0,399.0
2025-09-15,south,1,367.0
2025-09-16,south,0,307.0
2025-09-17,south,0,318.0
2025-09-18,south,0,333.0
2025-09-19,south,1,463.0
2025-09-20,south,0,399.0
2025-09-21,south,0,373.0
2025-09-22,south,0,286.0
2025-09-23,south,0,320.0
2025-09-24,south,0,318.0
2025-09-25,south,0,304.0
2025-09-26,south,0,368.0
2025-09-27,south,0,440.0
2025-09-28,south,0,400.0
2025-09-29,south,0,302.0
2025-09-30,south,0,287.0
2025-10-01,south,0,316.0
2025-10-02,south,0,331.0
2025-10-03,south,0,343.0
2025-10-04,south,0,484.0
2025-10-05,south,1,499.0
2025-10-06,south,0,265.0
2025-10-07,south,0,325.0
2025-10-08,south,0,335.0
2025-10-09,south,0,292.0
2025-10-10,south,0,344.0
2025-10-11,south,0,484.0
2025-10-12,south,0,433.0
2025-10-13,south,0,328.0
2025-10-14,south,0,320.0
2025-10-15,south,0,328.0
2025-10-16,south,0,340.0
2025-10-17,south,1,464.0
2025-10-18,south,0,434.0
2025-10-19,south,0,388.0
2025-10-20,south,0,278.0
2025-10-21,south,0,328.0
2025-10-22,south,0,311.0
2025-10-23,south,0,321.0
2025-10-24,south,0,368.0
2025-10-25,south,0,435.0
2025-10-26,south,0,457.0
2025-10-27,south,0,271.0
2025-10-28,south,0,298.0
2025-10-29,south,0,321.0
2025-10-30,south,0,339.0
2025-10-31,south,0,368.0
2025-11-01,south,0,441.0
2025-11-02,south,0,408.0
2025-11-03,south,0,314.0
2025-11-04,south,0,275.0
2025-11-05,south,0,338.0
2025-11-06,south,0,356.0
2025-11-07,south,0,335.0
2025-11-08,south,0,430.0
2025-11-09,south,0,425.0
2025-11-10,south,0,322.0
2025-11-11,south,0,290.0
2025-11-12,south,0,342.0
2025-11-13,south,0,317.0
2025-11-14,south,0,363.0
2025-11-15,south,0,445.0
2025-11-16,south,1,550.0
2025-11-17,south,0,320.0
2025-11-18,south,0,323.0
2025-11-19,south,0,359.0
2025-11-20,south,0,307.0
2025-11-21,south,0,354.0
2025-11-22,south,0,426.0
2025-11-23,south,0,408.0
2025-11-24,south,0,320.0
2025-11-25,south,0,304.0
2025-11-26,south,0,343.0
2025-11-27,south,0,181.0
2025-11-28,south,0,394.0
2025-11-29,south,0,418.0
2025-11-30,south,0,383.0
2025-12-01,south,0,281.0
2025-12-02,south,0,301.0
2025-12-03,south,0,305.0
2025-12-04,south,1,424.0
2025-12-05,south,0,355.0
2025-12-06,south,0,425.0
2025-12-07,south,0,395.0
2025-12-08,south,0,325.0
2025-12-09,south,1,425.0
2025-12-10,south,0,322.0
2025-12-11,south,0,379.0
2025-12-12,south,0,369.0
2025-12-13,south,0,460.0
2025-12-14,south,0,416.0
2025-12-15,south,0,267.0
2025-12-16,south,0,294.0
2025-12-17,south,0,337.0
2025-12-18,south,1,421.0
2025-12-19,south,0,348.0
2025-12-20,south,0,463.0
2025-12-21,south,1,519.0
2025-12-22,south,0,317.0
2025-12-23,south,0,273.0
2025-12-24,south,0,349.0
2025-12-25,south,0,150.0
2025-12-26,south,0,368.0
2025-12-27,south,0,427.0
2025-12-28,south,0,419.0
2025-12-29,south,0,291.0
2025-12-30,south,0,330.0
2025-12-31,south,1,482.0
2026-01-01,south,0,176.0
2026-01-02,south,1,514.0
2026-01-03,south,0,431.0
2026-01-04,south,0,389.0
2026-01-05,south,0,276.0
2026-01-06,south,0,302.0
2026-01-07,south,0,302.0
2026-01-08,south,0,372.0
2026-01-09,south,0,413.0
2026-01-10,south,0,454.0
2026-01-11,south,0,400.0
2026-01-12,south,0,313.0
2026-01-13,south,0,343.0
2026-01-14,south,0,329.0
2026-01-15,south,0,321.0
2026-01-16,south,0,354.0
2026-01-17,south,0,491.0
2026-01-18,south,0,433.0
2026-01-19,south,1,423.0
2026-01-20,south,0,289.0
2026-01-21,south,0,303.0
2026-01-22,south,0,370.0
2026-01-23,south,0,351.0
2026-01-24,south,0,466.0
2026-01-25,south,0,403.0
2026-01-26,south,0,308.0
2026-01-27,south,0,314.0
2026-01-28,south,0,300.0
2026-01-29,south,0,349.0
2026-01-30,south,0,389.0
2026-01-31,south,0,381.0
2026-02-01,south,0,408.0
2026-02-02,south,0,310.0
2026-02-03,south,1,437.0
2026-02-04,south,0,307.0
2026-02-05,south,1,498.0
2026-02-06,south,0,375.0
2026-02-07,south,0,437.0
2026-02-08,south,0,404.0
2026-02-09,south,0,300.0
2026-02-10,south,1,427.0
2026-02-11,south,0,335.0
2026-02-12,south,0,381.0
2026-02-13,south,0,342.0
2026-02-14,south,0,420.0
2026-02-15,south,0,398.0
2026-02-16,south,0,307.0
2026-02-17,south,0,296.0
2026-02-18,south,0,332.0
2026-02-19,south,1,423.0
2026-02-20,south,0,360.0
2026-02-21,south,0,418.0
2026-02-22,south,0,402.0
2026-02-23,south,0,301.0
2026-02-24,south,0,327.0
2026-02-25,south,0,339.0
2026-02-26,south,0,316.0
2026-02-27,south,0,369.0
2026-02-28,south,0,395.0
2026-03-01,south,0,391.0
2026-03-02,south,0,336.0
2026-03-03,south,0,339.0
2026-03-04,south,0,326.0
2026-03-05,south,1,472.0
2026-03-06,south,0,318.0
2026-03-07,south,0,416.0
2026-03-08,south,0,399.0
2026-03-09,south,0,336.0
2026-03-10,south,0,302.0
2026-03-11,south,0,373.0
2026-03-12,south,0,319.0
2026-03-13,south,0,361.0
2026-03-14,south,0,434.0
2026-03-15,south,1,595.0
2026-03-16,south,0,294.0
2026-03-17,south,0,313.0
2026-03-18,south,0,352.0
2026-03-19,south,0,336.0
2026-03-20,south,1,490.0
2026-03-21,south,0,453.0
2026-03-22,south,0,394.0
2026-03-23,south,0,299.0
2026-03-24,south,0,283.0
2026-03-25,south,0,360.0
2026-03-26,south,0,339.0
2026-03-27,south,0,403.0
2026-03-28,south,0,424.0
2026-03-29,south,0,403.0
2026-03-30,south,1,489.0
2026-03-31,south,0,343.0
2026-04-01,south,0,327.0
2026-04-02,south,0,340.0
2026-04-03,south,0,329.0
2026-04-04,south,0,430.0
2026-04-05,south,0,429.0
2026-04-06,south,0,307.0
2026-04-07,south,1,432.0
2026-04-08,south,0,352.0
2026-04-09,south,0,362.0
2026-04-10,south,0,374.0
2026-04-11,south,1,617.0
2026-04-12,south,0,421.0
2026-04-13,south,0,315.0
2026-04-14,south,0,315.0
2026-04-15,south,0,352.0
2026-04-16,south,0,316.0
2026-04-17,south,0,391.0
2026-04-18,south,0,467.0
2026-04-19,south,0,409.0
2026-04-20,south,0,298.0
2026-04-21,south,0,318.0
2026-04-22,south,1,435.0
2026-04-23,south,0,293.0
2026-04-24,south,0,354.0
2026-04-25,south,0,452.0
2026-04-26,south,1,527.0
2026-04-27,south,0,288.0
2026-04-28,south,0,300.0
2026-04-29,south,0,344.0
2026-04-30,south,0,355.0
2026-05-01,south,0,371.0
2026-05-02,south,0,446.0
2026-05-03,south,0,437.0
2026-05-04,south,0,301.0
2026-05-05,south,0,316.0
2026-05-06,south,0,337.0
2026-05-07,south,0,354.0
2026-05-08,south,1,463.0
2026-05-09,south,0,461.0
2026-05-10,south,0,442.0
2026-05-11,south,0,272.0
2026-05-12,south,0,330.0
2026-05-13,south,0,335.0
2026-05-14,south,0,363.0
2026-05-15,south,0,369.0
2026-05-16,south,0,422.0
2026-05-17,south,0,386.0
2026-05-18,south,0,293.0
2026-05-19,south,0,349.0
2026-05-20,south,0,359.0
2026-05-21,south,0,383.0
2026-05-22,south,1,491.0
2026-05-23,south,0,492.0
2026-05-24,south,0,413.0
2026-05-25,south,0,311.0
2026-05-26,south,1,378.0
2026-05-27,south,0,341.0
2026-05-28,south,0,369.0
2026-05-29,south,0,381.0
2026-05-30,south,1,584.0
2026-05-31,south,0,422.0
2026-06-01,south,0,321.0
2026-06-02,south,0,328.0
2026-06-03,south,0,385.0
2026-06-04,south,1,475.0
2026-06-05,south,0,371.0
2026-06-06,south,0,485.0
2026-06-07,south,0,414.0
2026-06-08,south,0,331.0
2026-06-09,south,0,324.0
2026-06-10,south,0,314.0
2026-06-11,south,0,347.0
2026-06-12,south,0,372.0
2026-06-13,south,1,646.0
2026-06-14,south,0,409.0
2026-06-15,south,0,288.0
2026-06-16,south,1,449.0
2026-06-17,south,0,383.0
2026-06-18,south,0,343.0
2026-06-19,south,0,388.0
2026-06-20,south,0,470.0
2026-06-21,south,0,424.0
2026-06-22,south,0,288.0
2026-06-23,south,0,323.0
2026-06-24,south,0,366.0
2026-06-25,south,0,319.0
2026-06-26,south,1,449.0
2026-06-27,south,0,452.0
2026-06-28,south,1,567.0
2026-06-29,south,0,293.0
2026-06-30,south,0,308.0
2026-07-01,south,0,
2026-07-02,south,0,
2026-07-03,south,1,
2026-07-04,south,0,
2026-07-05,south,0,
2026-07-06,south,0,
2026-07-07,south,0,
2026-07-08,south,0,
2026-07-09,south,0,
2026-07-10,south,1,
2026-07-11,south,0,
2026-07-12,south,0,
2026-07-13,south,0,
2026-07-14,south,0,
2025-01-01,east,0,71.0
2025-01-02,east,0,147.0
2025-01-03,east,0,144.0
2025-01-04,east,0,202.0
2025-01-05,east,0,176.0
2025-01-06,east,0,124.0
2025-01-07,east,0,129.0
2025-01-08,east,0,147.0
2025-01-09,east,1,171.0
2025-01-10,east,0,144.0
2025-01-11,east,0,191.0
2025-01-12,east,0,166.0
2025-01-13,east,0,118.0
2025-01-14,east,0,140.0
2025-01-15,east,0,150.0
2025-01-16,east,0,142.0
2025-01-17,east,0,154.0
2025-01-18,east,0,201.0
2025-01-19,east,0,170.0
2025-01-20,east,0,125.0
2025-01-21,east,0,130.0
2025-01-22,east,0,147.0
2025-01-23,east,1,201.0
2025-01-24,east,0,156.0
2025-01-25,east,0,186.0
2025-01-26,east,0,180.0
2025-01-27,east,1,178.0
2025-01-28,east,0,136.0
2025-01-29,east,0,139.0
2025-01-30,east,0,149.0
2025-01-31,east,0,164.0
2025-02-01,east,0,196.0
2025-02-02,east,0,168.0
2025-02-03,east,0,135.0
2025-02-04,east,0,148.0
2025-02-05,east,0,128.0
2025-02-06,east,0,137.0
2025-02-07,east,0,150.0
2025-02-08,east,0,178.0
2025-02-09,east,0,163.0
2025-02-10,east,0,128.0
2025-02-11,east,0,132.0
2025-02-12,east,0,141.0
2025-02-13,east,0,128.0
2025-02-14,east,1,229.0
2025-02-15,east,0,202.0
2025-02-16,east,0,171.0
2025-02-17,east,0,138.0
2025-02-18,east,0,147.0
2025-02-19,east,0,129.0
2025-02-20,east,1,200.0
2025-02-21,east,0,147.0
2025-02-22,east,0,195.0
2025-02-23,east,0,176.0
2025-02-24,east,0,125.0
2025-02-25,east,0,143.0
2025-02-26,east,0,148.0
2025-02-27,east,0,155.0
2025-02-28,east,0,150.0
2025-03-01,east,0,202.0
2025-03-02,east,0,180.0
2025-03-03,east,0,126.0
2025-03-04,east,0,132.0
2025-03-05,east,0,143.0
2025-03-06,east,0,144.0
2025-03-07,east,0,166.0
2025-03-08,east,0,182.0
2025-03-09,east,0,178.0
2025-03-10,east,0,125.0
2025-03-11,east,0,145.0
2025-03-12,east,0,139.0
2025-03-13,east,0,158.0
2025-03-14,east,0,153.0
2025-03-15,east,0,185.0
2025-03-16,east,0,170.0
2025-03-17,east,1,188.0
2025-03-18,east,1,183.0
2025-03-19,east,0,154.0
2025-03-20,east,1,201.0
2025-03-21,east,0,181.0
2025-03-22,east,0,186.0
2025-03-23,east,0,165.0
2025-03-24,east,0,120.0
2025-03-25,east,0,149.0
2025-03-26,east,0,151.0
2025-03-27,east,1,186.0
2025-03-28,east,0,175.0
2025-03-29,east,0,221.0
2025-03-30,east,0,163.0
2025-03-31,east,0,118.0
2025-04-01,east,0,152.0
2025-04-02,east,0,135.0
2025-04-03,east,0,152.0
2025-04-04,east,1,243.0
2025-04-05,east,0,218.0
2025-04-06,east,0,177.0
2025-04-07,east,0,127.0
2025-04-08,east,0,148.0
2025-04-09,east,0,147.0
2025-04-10,east,0,151.0
2025-04-11,east,0,171.0
2025-04-12,east,1,291.0
2025-04-13,east,0,167.0
2025-04-14,east,0,136.0
2025-04-15,east,0,145.0
2025-04-16,east,1,186.0
2025-04-17,east,0,139.0
2025-04-18,east,0,168.0
2025-04-19,east,0,206.0
2025-04-20,east,0,185.0
2025-04-21,east,0,136.0
2025-04-22,east,0,156.0
2025-04-23,east,0,166.0
2025-04-24,east,0,151.0
2025-04-25,east,0,165.0
2025-04-26,east,0,199.0
2025-04-27,east,0,186.0
2025-04-28,east,0,130.0
2025-04-29,east,0,143.0
2025-04-30,east,0,141.0
2025-05-01,east,0,163.0
2025-05-02,east,0,159.0
2025-05-03,east,0,197.0
2025-05-04,east,0,178.0
2025-05-05,east,0,159.0
2025-05-06,east,1,192.0
2025-05-07,east,0,151.0
2025-05-08,east,0,150.0
2025-05-09,east,0,167.0
2025-05-10,east,0,199.0
2025-05-11,east,1,248.0
2025-05-12,east,0,137.0
2025-05-13,east,0,151.0
2025-05-14,east,0,141.0
2025-05-15,east,1,221.0
2025-05-16,east,1,223.0
2025-05-17,east,0,211.0
2025-05-18,east,0,177.0
2025-05-19,east,0,133.0
2025-05-20,east,0,139.0
2025-05-21,east,0,152.0
2025-05-22,east,0,157.0
2025-05-23,east,0,174.0
2025-05-24,east,0,193.0
2025-05-25,east,0,200.0
2025-05-26,east,0,132.0
2025-05-27,east,0,146.0
2025-05-28,east,0,158.0
2025-05-29,east,0,149.0
2025-05-30,east,0,173.0
2025-05-31,east,1,276.0
2025-06-01,east,0,179.0
2025-06-02,east,0,136.0
2025-06-03,east,0,141.0
2025-06-04,east,0,161.0
2025-06-05,east,0,139.0
2025-06-06,east,0,154.0
2025-06-07,east,1,255.0
2025-06-08,east,0,182.0
2025-06-09,east,0,148.0
2025-06-10,east,0,140.0
2025-06-11,east,0,155.0
2025-06-12,east,0,147.0
2025-06-13,east,0,179.0
2025-06-14,east,0,219.0
2025-06-15,east,0,191.0
2025-06-16,east,1,153.0
2025-06-17,east,0,146.0
2025-06-18,east,0,155.0
2025-06-19,east,1,228.0
2025-06-20,east,0,167.0
2025-06-21,east,0,229.0
2025-06-22,east,0,178.0
2025-06-23,east,0,136.0
2025-06-24,east,0,161.0
2025-06-25,east,0,140.0
2025-06-26,east,0,160.0
2025-06-27,east,0,181.0
2025-06-28,east,0,222.0
2025-06-29,east,0,188.0
2025-06-30,east,0,130.0
2025-07-01,east,0,154.0
2025-07-02,east,0,155.0
2025-07-03,east,0,145.0
2025-07-04,east,0,86.0
2025-07-05,east,1,299.0
2025-07-06,east,0,188.0
2025-07-07,east,0,153.0
2025-07-08,east,0,144.0
2025-07-09,east,0,157.0
2025-07-10,east,1,203.0
2025-07-11,east,0,175.0
2025-07-12,east,1,305.0
2025-07-13,east,0,224.0
2025-07-14,east,0,137.0
2025-07-15,east,0,160.0
2025-07-16,east,0,177.0
2025-07-17,east,1,188.0
2025-07-18,east,0,196.0
2025-07-19,east,0,220.0
2025-07-20,east,0,192.0
2025-07-21,east,0,133.0
2025-07-22,east,0,155.0
2025-07-23,east,0,171.0
2025-07-24,east,0,147.0
2025-07-25,east,0,166.0
2025-07-26,east,0,215.0
2025-07-27,east,1,245.0
2025-07-28,east,0,143.0
2025-07-29,east,0,157.0
2025-07-30,east,0,151.0
2025-07-31,east,1,204.0
2025-08-01,east,0,179.0
2025-08-02,east,0,232.0
2025-08-03,east,0,195.0
2025-08-04,east,0,145.0
2025-08-05,east,0,148.0
2025-08-06,east,0,154.0
2025-08-07,east,0,162.0
2025-08-08,east,0,164.0
2025-08-09,east,0,220.0
2025-08-10,east,1,250.0
2025-08-11,east,0,127.0
2025-08-12,east,0,143.0
2025-08-13,east,0,164.0
2025-08-14,east,0,174.0
2025-08-15,east,1,240.0
2025-08-16,east,1,307.0
2025-08-17,east,0,199.0
2025-08-18,east,0,147.0
2025-08-19,east,0,151.0
2025-08-20,east,0,166.0
2025-08-21,east,0,167.0
2025-08-22,east,0,169.0
2025-08-23,east,1,297.0
2025-08-24,east,0,196.0
2025-08-25,east,0,157.0
2025-08-26,east,0,140.0
2025-08-27,east,1,222.0
2025-08-28,east,0,157.0
2025-08-29,east,0,178.0
2025-08-30,east,0,218.0
2025-08-31,east,1,251.0
2025-09-01,east,1,217.0
2025-09-02,east,0,142.0
2025-09-03,east,0,169.0
2025-09-04,east,0,166.0
2025-09-05,east,0,182.0
2025-09-06,east,0,241.0
2025-09-07,east,0,196.0
2025-09-08,east,1,200.0
2025-09-09,east,0,159.0
2025-09-10,east,0,154.0
2025-09-11,east,0,164.0
2025-09-12,east,0,177.0
2025-09-13,east,0,216.0
2025-09-14,east,0,185.0
2025-09-15,east,1,217.0
2025-09-16,east,0,173.0
2025-09-17,east,0,150.0
2025-09-18,east,0,175.0
2025-09-19,east,0,194.0
2025-09-20,east,0,234.0
2025-09-21,east,0,199.0
2025-09-22,east,0,157.0
2025-09-23,east,0,149.0
2025-09-24,east,0,161.0
2025-09-25,east,0,174.0
2025-09-26,east,0,172.0
2025-09-27,east,0,231.0
2025-09-28,east,1,271.0
2025-09-29,east,0,165.0
2025-09-30,east,0,161.0
2025-10-01,east,0,150.0
2025-10-02,east,1,204.0
2025-10-03,east,0,203.0
2025-10-04,east,0,232.0
2025-10-05,east,0,204.0
2025-10-06,east,0,132.0
2025-10-07,east,1,230.0
2025-10-08,east,0,170.0
2025-10-09,east,1,237.0
2025-10-10,east,0,192.0
2025-10-11,east,0,233.0
2025-10-12,east,1,272.0
2025-10-13,east,0,138.0
2025-10-14,east,0,149.0
2025-10-15,east,0,166.0
2025-10-16,east,0,153.0
2025-10-17,east,0,194.0
2025-10-18,east,0,225.0
2025-10-19,east,0,200.0
2025-10-20,east,1,179.0
2025-10-21,east,0,166.0
2025-10-22,east,0,165.0
2025-10-23,east,0,172.0
2025-10-24,east,0,184.0
2025-10-25,east,1,332.0
2025-10-26,east,0,209.0
2025-10-27,east,0,151.0
2025-10-28,east,0,152.0
2025-10-29,east,0,187.0
2025-10-30,east,0,175.0
2025-10-31,east,0,178.0
2025-11-01,east,0,221.0
2025-11-02,east,0,206.0
2025-11-03,east,0,167.0
2025-11-04,east,0,158.0
2025-11-05,east,0,161.0
2025-11-06,east,0,178.0
2025-11-07,east,0,174.0
2025-11-08,east,0,242.0
2025-11-09,east,1,252.0
2025-11-10,east,0,153.0
2025-11-11,east,0,142.0
2025-11-12,east,1,238.0
2025-11-13,east,1,239.0
2025-11-14,east,1,256.0
2025-11-15,east,0,219.0
2025-11-16,east,0,196.0
2025-11-17,east,0,161.0
2025-11-18,east,0,146.0
2025-11-19,east,0,173.0
2025-11-20,east,0,175.0
2025-11-21,east,0,188.0
2025-11-22,east,0,223.0
2025-11-23,east,1,275.0
2025-11-24,east,1,218.0
2025-11-25,east,0,170.0
2025-11-26,east,0,155.0
2025-11-27,east,0,85.0
2025-11-28,east,1,261.0
2025-11-29,east,0,210.0
2025-11-30,east,0,207.0
2025-12-01,east,0,156.0
2025-12-02,east,1,214.0
2025-12-03,east,0,162.0
2025-12-04,east,0,165.0
2025-12-05,east,0,190.0
2025-12-06,east,0,229.0
2025-12-07,east,0,196.0
2025-12-08,east,0,158.0
2025-12-09,east,0,162.0
2025-12-10,east,0,195.0
2025-12-11,east,1,248.0
2025-12-12,east,0,202.0
2025-12-13,east,1,338.0
2025-12-14,east,0,217.0
2025-12-15,east,0,178.0
2025-12-16,east,0,174.0
2025-12-17,east,0,187.0
2025-12-18,east,0,185.0
2025-12-19,east,0,209.0
2025-12-20,east,0,222.0
2025-12-21,east,0,195.0
2025-12-22,east,0,160.0
2025-12-23,east,0,184.0
2025-12-24,east,1,237.0
2025-12-25,east,0,88.0
2025-12-26,east,0,207.0
2025-12-27,east,0,234.0
2025-12-28,east,0,226.0
2025-12-29,east,0,173.0
2025-12-30,east,0,154.0
2025-12-31,east,0,196.0
2026-01-01,east,0,82.0
2026-01-02,east,0,203.0
2026-01-03,east,0,236.0
2026-01-04,east,0,216.0
2026-01-05,east,0,137.0
2026-01-06,east,0,180.0
2026-01-07,east,0,187.0
2026-01-08,east,0,167.0
2026-01-09,east,0,202.0
2026-01-10,east,0,227.0
2026-01-11,east,0,228.0
2026-01-12,east,1,223.0
2026-01-13,east,0,185.0
2026-01-14,east,0,188.0
2026-01-15,east,0,172.0
2026-01-16,east,0,235.0
2026-01-17,east,0,261.0
2026-01-18,east,0,202.0
2026-01-19,east,0,161.0
2026-01-20,east,0,173.0
2026-01-21,east,0,173.0
2026-01-22,east,1,237.0
2026-01-23,east,0,203.0
2026-01-24,east,0,217.0
2026-01-25,east,0,227.0
2026-01-26,east,1,219.0
2026-01-27,east,0,171.0
2026-01-28,east,0,178.0
2026-01-29,east,0,187.0
2026-01-30,east,1,269.0
2026-01-31,east,0,258.0
2026-02-01,east,0,227.0
2026-02-02,east,0,166.0
2026-02-03,east,0,174.0
2026-02-04,east,0,200.0
2026-02-05,east,0,170.0
2026-02-06,east,1,289.0
2026-02-07,east,0,261.0
2026-02-08,east,0,224.0
2026-02-09,east,0,160.0
2026-02-10,east,0,174.0
2026-02-11,east,1,271.0
2026-02-12,east,0,174.0
2026-02-13,east,0,202.0
2026-02-14,east,1,356.0
2026-02-15,east,0,239.0
2026-02-16,east,0,159.0
2026-02-17,east,0,171.0
2026-02-18,east,0,178.0
2026-02-19,east,0,184.0
2026-02-20,east,0,188.0
2026-02-21,east,0,218.0
2026-02-22,east,0,210.0
2026-02-23,east,0,155.0
2026-02-24,east,0,175.0
2026-02-25,east,1,246.0
2026-02-26,east,0,194.0
2026-02-27,east,1,304.0
2026-02-28,east,0,228.0
2026-03-01,east,0,212.0
2026-03-02,east,0,161.0
2026-03-03,east,0,163.0
2026-03-04,east,0,190.0
2026-03-05,east,0,183.0
2026-03-06,east,0,220.0
2026-03-07,east,0,256.0
2026-03-08,east,0,230.0
2026-03-09,east,0,172.0
2026-03-10,east,0,163.0
2026-03-11,east,1,243.0
2026-03-12,east,0,191.0
2026-03-13,east,0,218.0
2026-03-14,east,0,249.0
2026-03-15,east,1,297.0
2026-03-16,east,0,170.0
2026-03-17,east,0,166.0
2026-03-18,east,0,203.0
2026-03-19,east,0,162.0
2026-03-20,east,0,180.0
2026-03-21,east,0,242.0
2026-03-22,east,0,230.0
2026-03-23,east,0,170.0
2026-03-24,east,0,166.0
2026-03-25,east,0,189.0
2026-03-26,east,0,169.0
2026-03-27,east,0,211.0
2026-03-28,east,0,264.0
2026-03-29,east,0,202.0
2026-03-30,east,0,162.0
2026-03-31,east,0,188.0
2026-04-01,east,0,199.0
2026-04-02,east,0,176.0
2026-04-03,east,0,208.0
2026-04-04,east,0,267.0
2026-04-05,east,1,336.0
2026-04-06,east,0,174.0
2026-04-07,east,0,175.0
2026-04-08,east,0,194.0
2026-04-09,east,0,199.0
2026-04-10,east,0,228.0
2026-04-11,east,0,244.0
2026-04-12,east,0,221.0
2026-04-13,east,0,179.0
2026-04-14,east,0,159.0
2026-04-15,east,0,171.0
2026-04-16,east,0,183.0
2026-04-17,east,0,183.0
2026-04-18,east,0,247.0
2026-04-19,east,0,205.0
2026-04-20,east,0,149.0
2026-04-21,east,0,188.0
2026-04-22,east,0,180.0
2026-04-23,east,0,201.0
2026-04-24,east,0,202.0
2026-04-25,east,0,264.0
2026-04-26,east,1,317.0
2026-04-27,east,0,164.0
2026-04-28,east,0,190.0
2026-04-29,east,0,186.0
2026-04-30,east,0,199.0
2026-05-01,east,0,193.0
2026-05-02,east,0,244.0
2026-05-03,east,0,220.0
2026-05-04,east,0,166.0
2026-05-05,east,0,191.0
2026-05-06,east,1,244.0
2026-05-07,east,0,208.0
2026-05-08,east,1,291.0
2026-05-09,east,0,246.0
2026-05-10,east,1,327.0
2026-05-11,east,0,179.0
2026-05-12,east,0,174.0
2026-05-13,east,0,198.0
2026-05-14,east,0,184.0
2026-05-15,east,0,217.0
2026-05-16,east,0,278.0
2026-05-17,east,1,317.0
2026-05-18,east,0,155.0
2026-05-19,east,0,174.0
2026-05-20,east,0,193.0
2026-05-21,east,1,273.0
2026-05-22,east,0,199.0
2026-05-23,east,0,280.0
2026-05-24,east,0,229.0
2026-05-25,east,0,164.0
2026-05-26,east,0,177.0
2026-05-27,east,0,202.0
2026-05-28,east,1,249.0
2026-05-29,east,0,215.0
2026-05-30,east,0,275.0
2026-05-31,east,0,235.0
2026-06-01,east,0,159.0
2026-06-02,east,1,251.0
2026-06-03,east,0,197.0
2026-06-04,east,0,197.0
2026-06-05,east,0,229.0
2026-06-06,east,1,351.0
2026-06-07,east,0,224.0
2026-06-08,east,1,222.0
2026-06-09,east,0,175.0
2026-06-10,east,1,274.0
2026-06-11,east,0,199.0
2026-06-12,east,0,235.0
2026-06-13,east,0,242.0
2026-06-14,east,0,237.0
2026-06-15,east,0,175.0
2026-06-16,east,1,242.0
2026-06-17,east,0,180.0
2026-06-18,east,0,203.0
2026-06-19,east,0,199.0
2026-06-20,east,0,257.0
2026-06-21,east,0,208.0
2026-06-22,east,1,217.0
2026-06-23,east,0,186.0
2026-06-24,east,0,202.0
2026-06-25,east,0,207.0
2026-06-26,east,1,306.0
2026-06-27,east,0,244.0
2026-06-28,east,0,246.0
2026-06-29,east,0,168.0
2026-06-30,east,0,198.0
2026-07-01,east,0,
2026-07-02,east,0,
2026-07-03,east,1,
2026-07-04,east,0,
2026-07-05,east,0,
2026-07-06,east,0,
2026-07-07,east,0,
2026-07-08,east,0,
2026-07-09,east,0,
2026-07-10,east,1,
2026-07-11,east,0,
2026-07-12,east,0,
2026-07-13,east,0,
2026-07-14,east,0,
