amount,hour,merchant_category,country,items,is_fraud
11.77,10,fuel,home,4,0
141.54,21,fuel,home,6,0
8.19,13,grocery,home,1,0
77.61,15,online,home,4,0
64.62,11,fuel,home,4,0
49.93,8,restaurant,home,3,0
68.58,13,grocery,home,3,0
43.59,20,online,home,3,0
25.4,8,restaurant,home,1,0
42.37,12,grocery,home,3,0
21.03,17,online,home,3,0
151.66,14,travel,home,3,0
14.28,14,grocery,home,3,0
51.5,8,grocery,home,5,0
30.38,19,fuel,home,2,0
21.58,3,online,home,1,0
31.98,18,travel,home,3,0
40.73,17,online,home,3,0
12.29,7,restaurant,home,3,0
48.58,9,online,home,1,0
24.16,21,grocery,home,3,0
7.54,11,grocery,home,2,0
57.41,15,restaurant,home,2,0
17.1,17,grocery,abroad,1,0
23.45,20,online,home,2,0
45.05,10,grocery,home,4,0
92.26,18,restaurant,home,3,0
91.21,8,grocery,home,2,0
29.73,16,fuel,home,6,0
37.96,22,fuel,home,2,0
139.14,12,restaurant,home,1,0
13.39,8,grocery,abroad,2,0
49.54,20,grocery,home,4,0
30.38,12,grocery,home,2,0
15.16,10,fuel,home,3,0
5368.78,4,grocery,abroad,2,1
27.6,21,grocery,home,2,0
14.58,15,grocery,home,3,0
34.95,13,online,home,5,0
23.12,21,online,home,3,0
105.3,17,travel,home,2,0
61.6,20,grocery,home,3,0
56.87,10,online,abroad,2,0
28.85,13,online,home,3,0
20.46,10,online,home,3,0
57.15,10,grocery,home,5,0
25.31,19,grocery,home,2,0
23.67,21,online,home,3,0
8.89,8,travel,home,1,0
41.85,17,grocery,home,2,0
142.65,16,online,home,1,0
75.53,15,fuel,home,4,0
22.09,11,fuel,home,2,0
62.34,13,grocery,home,3,0
19.02,8,grocery,home,2,0
24.35,11,online,home,3,0
46.7,11,grocery,home,4,0
77.4,15,grocery,abroad,2,0
14.3,9,grocery,home,6,0
41.95,12,grocery,home,2,0
31.84,17,online,home,3,0
25.14,18,online,home,2,0
32.88,16,restaurant,home,2,0
14.82,14,online,home,1,0
24.59,13,restaurant,home,2,0
78.41,20,fuel,home,4,0
21.31,17,grocery,home,3,0
15.7,19,fuel,abroad,3,0
36.59,4,grocery,home,3,0
26.1,11,fuel,home,3,0
43.61,16,online,home,2,0
34.84,19,online,home,4,0
12.64,13,grocery,home,2,0
28.12,11,online,home,1,0
25.45,13,restaurant,home,3,0
67.92,8,restaurant,home,6,0
34.1,15,grocery,home,3,0
23.53,14,restaurant,home,4,0
10.7,22,fuel,home,4,0
130.78,8,grocery,home,2,0
66.73,21,online,home,4,0
37.41,17,travel,home,3,0
23.45,22,grocery,home,3,0
24.83,14,online,home,1,0
16.11,11,fuel,home,3,0
67.34,17,online,home,3,0
55.27,5,online,home,5,0
62.33,15,restaurant,home,2,0
31.34,20,fuel,home,4,0
13.15,10,online,home,1,0
24.99,13,grocery,home,5,0
43.31,17,online,home,2,0
29.65,21,grocery,home,3,0
19.78,18,grocery,home,3,0
14.47,4,online,home,5,0
58.39,19,online,home,4,0
38.88,15,restaurant,home,2,0
95.29,14,restaurant,home,2,0
114.39,7,grocery,home,2,0
104.57,7,grocery,home,2,0
20.39,12,grocery,home,3,0
14.63,15,restaurant,home,5,0
26.47,20,grocery,home,1,0
111.79,14,grocery,home,3,0
77.53,8,restaurant,home,5,0
54.78,17,restaurant,home,3,0
26.85,11,online,home,4,0
66.04,19,grocery,home,4,0
38.79,17,fuel,home,2,0
112.35,8,restaurant,home,3,0
18.87,17,grocery,home,1,0
26.47,19,fuel,home,4,0
175.19,3,grocery,abroad,2,0
37.39,14,grocery,home,1,0
58.96,9,restaurant,home,2,0
23.7,17,online,home,2,0
48.3,19,grocery,home,1,0
34.97,8,fuel,home,2,0
17.87,10,online,home,3,0
143.36,13,restaurant,home,1,0
11.98,18,fuel,home,5,0
50.01,21,restaurant,home,2,0
17.69,15,grocery,home,3,0
29.96,7,grocery,home,4,0
46.62,9,online,home,2,0
24.08,9,fuel,home,5,0
30.19,19,grocery,home,1,0
29.36,20,grocery,home,1,0
66.24,8,grocery,home,3,0
114.66,21,grocery,home,7,0
35.47,13,fuel,home,3,0
32.63,20,grocery,home,2,0
37.15,21,online,abroad,2,0
48.45,11,fuel,home,3,0
27.93,6,grocery,home,3,0
47.68,8,grocery,home,2,0
6.21,12,grocery,home,1,0
31.95,19,restaurant,home,1,0
17.68,18,online,home,2,0
70.26,13,restaurant,home,2,0
47.54,11,grocery,home,4,0
26.1,8,fuel,home,2,0
69.59,18,online,home,4,0
10.28,15,travel,home,1,0
38.22,19,restaurant,home,3,0
20.4,21,online,home,5,0
120.74,18,grocery,home,1,0
65.88,17,restaurant,home,5,0
23.36,20,grocery,home,4,0
56.58,17,fuel,home,4,0
18.47,9,fuel,home,3,0
20.78,7,grocery,home,2,0
115.51,16,grocery,home,3,0
25.87,17,grocery,home,5,0
25.96,8,restaurant,home,4,0
36.93,9,grocery,home,1,0
12.98,3,online,home,6,0
33.25,4,grocery,home,3,0
39.19,20,restaurant,home,5,0
68.04,21,grocery,home,2,0
10.41,0,grocery,home,3,0
80.01,20,fuel,home,3,0
45.04,18,fuel,home,1,0
67.05,9,grocery,home,2,0
178.46,13,fuel,home,6,0
24.29,19,grocery,home,5,0
118.29,14,restaurant,home,5,0
46.26,9,grocery,home,3,0
73.8,5,grocery,abroad,1,0
31.64,9,grocery,home,3,0
14.78,19,restaurant,home,5,0
91.05,15,online,home,2,0
47.18,18,grocery,home,4,0
106.47,19,fuel,home,2,0
55.89,5,grocery,abroad,3,0
96.57,3,restaurant,home,3,0
164.68,18,grocery,home,2,0
40.89,15,grocery,home,3,0
124.44,18,online,home,3,0
35.03,16,grocery,home,2,0
107.2,22,restaurant,home,4,0
21.23,11,grocery,home,3,0
33.36,9,travel,home,3,0
27.01,17,online,home,7,0
102.37,11,fuel,home,4,0
25.45,20,grocery,home,4,0
31.88,14,grocery,home,3,0
58.97,20,online,home,2,0
26.29,12,fuel,home,3,0
27.08,20,online,home,3,0
55.54,12,fuel,home,3,0
47.62,8,travel,abroad,3,0
28.7,10,grocery,home,5,0
51.73,19,grocery,home,6,0
31.83,12,grocery,home,3,0
24.33,13,restaurant,home,3,0
64.12,19,online,home,3,0
22.35,8,online,home,1,0
9.2,10,grocery,home,1,0
26.64,10,online,home,4,0
37.98,17,grocery,home,3,0
46.86,13,grocery,home,2,0
14.31,4,grocery,home,2,0
5.23,13,grocery,home,2,0
8.52,12,restaurant,home,3,0
37.51,17,grocery,home,5,0
64.79,14,restaurant,home,3,0
8.76,4,fuel,home,5,0
72.05,8,online,home,2,0
31.12,6,fuel,home,3,0
32.61,10,restaurant,home,4,0
11.38,21,fuel,home,1,0
66.55,20,grocery,home,4,0
16.74,19,online,home,3,0
40.69,14,online,home,5,0
68.69,20,grocery,home,4,0
43.28,13,travel,home,1,0
55.89,21,online,abroad,5,0
116.41,19,fuel,home,1,0
13.03,16,grocery,home,3,0
22.78,10,online,home,2,0
74.74,16,online,home,4,0
8.75,17,travel,home,4,0
35.12,9,restaurant,home,2,0
17.29,20,fuel,home,3,0
28.36,15,restaurant,home,2,0
58.46,15,restaurant,abroad,3,0
33.4,7,fuel,home,1,0
62.91,16,restaurant,home,3,0
52.5,17,fuel,home,5,0
61.58,14,restaurant,home,8,0
34.1,10,grocery,home,4,0
35.28,9,restaurant,home,1,0
56.51,21,online,home,2,0
9.65,3,grocery,home,2,0
17.85,8,restaurant,home,2,0
28.54,11,restaurant,home,1,0
91.02,8,online,home,5,0
48.65,12,grocery,home,4,0
54.93,13,fuel,home,6,0
14.27,8,grocery,home,1,0
55.13,7,online,home,4,0
47.53,14,restaurant,home,2,0
115.18,18,grocery,home,2,0
18.5,15,restaurant,home,2,0
43.14,7,restaurant,home,3,0
16.41,15,fuel,home,4,0
42.11,12,online,home,4,0
30.38,15,fuel,home,3,0
89.42,16,grocery,home,4,0
20.23,20,online,home,4,0
36.98,12,grocery,home,5,0
49.74,20,online,home,1,0
20.78,12,fuel,home,2,0
15.81,3,grocery,home,3,0
45.56,11,grocery,home,5,0
15.66,9,online,home,2,0
9.23,9,restaurant,home,4,0
59.51,20,grocery,home,3,0
43.38,17,restaurant,home,7,0
23.72,16,restaurant,home,3,0
22.74,11,online,home,3,0
40.29,17,fuel,home,2,0
11.61,12,grocery,home,2,0
26.36,11,online,home,6,0
52.89,20,grocery,home,2,0
37.37,19,grocery,home,4,0
69.5,18,restaurant,home,5,0
29.29,7,grocery,home,5,0
27.01,20,online,home,4,0
41.5,19,restaurant,home,3,0
25.22,17,grocery,home,1,0
17.39,14,restaurant,home,3,0
126.31,14,grocery,home,3,0
120.96,8,grocery,home,5,0
89.45,20,restaurant,home,1,0
108.91,14,fuel,home,3,0
15.1,15,online,home,2,0
25.03,13,online,home,3,0
29.47,8,grocery,home,2,0
23.27,19,travel,home,2,0
23.05,7,fuel,home,3,0
82.43,17,online,home,3,0
57.51,17,grocery,home,4,0
52.84,10,online,home,2,0
26.64,8,grocery,home,3,0
10.18,9,online,home,2,0
10.94,7,online,home,6,0
45.4,7,travel,home,2,0
29.95,11,online,home,3,0
14.23,17,travel,home,4,0
79.81,0,online,home,5,0
59.07,21,fuel,home,3,0
23.63,0,fuel,home,4,0
73.65,7,grocery,home,2,0
38.65,14,fuel,home,3,0
15.85,7,online,home,3,0
5887.63,1,online,abroad,4,1
33.26,14,grocery,home,3,0
64.15,12,restaurant,home,5,0
63.07,11,grocery,abroad,4,0
53.23,18,fuel,home,4,0
24.25,7,grocery,home,2,0
17.77,14,restaurant,home,3,0
12.24,19,online,home,2,0
73.6,9,online,home,3,0
11.93,8,grocery,home,3,0
101.18,21,travel,home,3,0
24.49,19,grocery,home,3,0
46.35,20,travel,home,4,0
32.76,13,grocery,home,2,0
60.68,14,restaurant,home,3,0
11.23,9,online,home,3,0
67.88,17,restaurant,home,5,0
33.01,10,grocery,home,4,0
37.11,7,online,home,3,0
25.19,14,grocery,home,5,0
21.1,13,grocery,home,2,0
189.46,7,online,home,3,0
53.95,22,online,home,2,0
23.92,14,grocery,home,1,0
37.73,14,online,home,3,0
112.81,10,restaurant,home,3,0
5079.51,12,online,home,4,1
90.09,8,restaurant,home,1,0
59.31,20,restaurant,home,2,0
117.04,18,fuel,home,3,0
72.9,17,fuel,home,6,0
20.05,12,grocery,abroad,5,0
22.71,12,online,home,2,0
17.93,16,grocery,home,1,0
15.03,15,grocery,home,2,0
61.91,10,fuel,home,3,0
25.96,18,fuel,home,3,0
101.02,13,grocery,home,4,0
26.87,10,grocery,home,5,0
20.53,15,fuel,home,2,0
54.87,20,restaurant,home,1,0
14.08,22,restaurant,home,3,0
93.49,8,grocery,home,2,0
36.85,8,grocery,abroad,5,0
20.69,17,fuel,home,2,0
15.61,21,restaurant,home,5,0
17.78,20,travel,home,4,0
28.54,17,grocery,home,1,0
23.26,8,grocery,home,6,0
7.98,0,grocery,home,1,0
119.41,16,fuel,home,4,0
30.86,19,fuel,home,3,0
62.95,19,restaurant,abroad,3,0
23.94,14,restaurant,home,4,0
169.12,7,restaurant,home,3,0
54.81,11,online,home,2,0
18.35,17,grocery,home,2,0
63.29,15,fuel,abroad,2,0
47.41,8,fuel,home,1,0
27.68,19,fuel,home,4,0
21.56,18,grocery,home,4,0
16.48,10,travel,home,5,0
55.85,16,restaurant,home,2,0
10.72,10,restaurant,home,1,0
48.55,19,fuel,home,4,0
12.1,16,fuel,home,2,0
10.17,22,fuel,home,4,0
26.44,18,online,home,3,0
26.9,16,grocery,home,1,0
25.06,9,grocery,home,4,0
39.24,16,travel,home,1,0
13.85,8,grocery,home,3,0
24.87,17,grocery,home,5,0
103.78,9,grocery,home,5,0
77.24,12,fuel,home,3,0
49.36,19,restaurant,home,4,0
82.13,17,restaurant,home,3,0
42.65,9,online,abroad,3,0
11.15,18,fuel,home,3,0
13.83,19,online,home,1,0
36.5,22,online,home,3,0
56.83,18,grocery,home,3,0
20.81,18,grocery,home,3,0
37.32,8,restaurant,home,1,0
36.9,11,grocery,home,3,0
38.99,13,travel,home,4,0
42.25,9,grocery,home,1,0
95.49,11,travel,home,4,0
89.88,6,grocery,home,6,0
23.46,7,grocery,home,2,0
18.95,18,restaurant,home,4,0
28.59,23,online,home,2,0
17.27,13,fuel,home,2,0
9.92,16,grocery,home,4,0
94.29,19,grocery,home,3,0
92.18,9,restaurant,home,3,0
51.79,11,restaurant,home,2,0
31.34,15,restaurant,home,5,0
142.93,15,grocery,home,4,0
44.69,9,online,home,3,0
12.16,8,fuel,home,6,0
27.11,11,restaurant,abroad,2,0
60.13,15,online,home,2,0
6.34,1,grocery,home,3,0
71.16,8,grocery,home,3,0
13.63,19,grocery,home,1,0
50.26,19,fuel,home,2,0
30.8,13,travel,home,1,0
31.16,21,fuel,abroad,3,0
50.29,0,fuel,home,1,0
51.3,7,grocery,home,2,0
45.74,11,grocery,home,2,0
28.01,17,grocery,home,6,0
17.42,17,restaurant,home,2,0
47.67,19,grocery,home,4,0
27.76,19,fuel,home,3,0
18.6,8,grocery,abroad,3,0
92.23,15,fuel,home,2,0
40.4,20,online,home,1,0
44.75,15,online,home,1,0
33.69,13,grocery,home,3,0
26.11,18,restaurant,abroad,2,0
17.39,21,grocery,home,2,0
41.15,21,restaurant,home,4,0
70.86,15,grocery,home,1,0
39.52,12,online,home,4,0
42.52,2,fuel,home,3,0
26.54,10,online,home,2,0
37.6,12,online,home,1,0
36.2,19,fuel,home,1,0
24.35,5,grocery,home,2,0
188.04,15,grocery,home,2,0
56.32,13,online,home,2,0
31.22,5,online,home,1,0
23.85,10,online,home,4,0
30.61,12,travel,home,4,0
19.06,14,grocery,home,1,0
23.97,8,restaurant,home,3,0
56.9,7,grocery,home,1,0
19.65,21,grocery,home,1,0
62.47,5,fuel,home,2,0
14.81,22,online,home,3,0
15.01,16,travel,home,3,0
87.82,17,fuel,home,2,0
92.3,15,fuel,home,4,0
89.0,18,online,home,3,0
56.39,19,travel,home,2,0
34.85,15,grocery,home,5,0
38.15,15,online,home,2,0
147.18,14,restaurant,home,4,0
47.52,13,online,home,3,0
79.28,19,travel,home,2,0
27.27,17,restaurant,home,2,0
21.29,18,grocery,home,2,0
18.17,2,travel,home,4,0
35.49,14,grocery,home,5,0
150.44,14,restaurant,home,3,0
70.44,9,online,home,2,0
63.64,18,restaurant,abroad,6,0
1638.35,18,grocery,home,5,1
27.66,17,grocery,home,2,0
19.25,9,online,home,4,0
20.57,21,fuel,home,2,0
28.75,20,fuel,home,2,0
15.07,8,grocery,home,3,0
23.13,15,online,home,1,0
24.65,19,online,home,4,0
111.36,8,grocery,home,3,0
86.89,12,online,home,3,0
11.61,7,fuel,home,1,0
35.74,18,grocery,home,3,0
52.28,7,fuel,home,2,0
24.53,16,restaurant,home,6,0
44.71,14,online,home,3,0
44.41,12,grocery,home,5,0
47.5,21,fuel,home,1,0
66.58,8,restaurant,home,1,0
27.63,17,grocery,abroad,2,0
3764.92,13,online,home,2,1
19.1,11,grocery,home,4,0
59.5,21,online,home,1,0
49.22,3,online,home,3,0
13.2,2,restaurant,home,4,0
84.76,1,grocery,abroad,3,0
7.84,14,grocery,home,3,0
54.2,15,grocery,home,4,0
75.28,20,online,home,3,0
16.83,18,restaurant,home,1,0
8.68,15,restaurant,home,1,0
14.67,21,fuel,home,1,0
168.27,4,restaurant,home,3,0
32.18,11,fuel,home,4,0
56.13,16,grocery,home,6,0
48.5,9,grocery,home,2,0
38.65,5,travel,home,2,0
46.79,6,online,home,3,0
47.4,8,grocery,home,1,0
51.72,15,grocery,home,3,0
27.81,12,restaurant,home,3,0
37.78,17,online,home,3,0
61.13,11,restaurant,home,3,0
23.82,20,grocery,home,1,0
10.4,12,online,home,2,0
42.74,19,restaurant,home,1,0
9.94,14,restaurant,home,5,0
4196.4,4,grocery,home,2,1
28.4,20,fuel,home,2,0
33.45,8,restaurant,home,3,0
55.29,10,grocery,home,3,0
26.56,15,restaurant,home,1,0
10.42,4,grocery,home,3,0
52.82,7,online,home,6,0
3955.41,12,grocery,home,2,1
114.74,20,grocery,home,2,0
39.27,10,fuel,home,7,0
21.76,17,restaurant,home,2,0
54.33,21,restaurant,home,5,0
10.45,21,restaurant,home,2,0
97.13,7,grocery,home,3,0
14.5,15,grocery,home,4,0
22.54,14,fuel,home,4,0
78.34,3,grocery,home,2,0
23.1,15,grocery,home,4,0
61.96,3,grocery,home,3,0
38.36,11,fuel,home,3,0
12.09,8,fuel,home,5,0
22.27,16,online,home,4,0
14.58,11,grocery,home,3,0
51.16,14,fuel,home,4,0
168.94,17,online,home,3,0
90.01,12,grocery,home,1,0
45.88,22,grocery,home,3,0
50.77,8,travel,home,4,0
30.81,15,restaurant,abroad,3,0
42.09,8,restaurant,abroad,1,0
23.51,13,grocery,home,3,0
32.69,8,online,home,5,0
32.9,7,fuel,home,3,0
35.27,12,grocery,home,1,0
96.9,7,restaurant,home,3,0
31.71,7,online,home,3,0
76.72,17,restaurant,abroad,3,0
38.48,15,online,home,4,0
34.49,20,restaurant,home,2,0
38.95,14,grocery,home,2,0
103.25,10,restaurant,home,2,0
55.57,7,online,home,1,0
4901.71,4,online,home,2,1
54.52,11,online,home,2,0
60.82,9,grocery,home,2,0
19.34,7,restaurant,home,3,0
20.01,4,grocery,home,2,0
32.89,7,restaurant,home,6,0
24.88,9,grocery,home,6,0
15.57,9,online,home,5,0
35.05,15,fuel,home,4,0
13.84,21,fuel,home,4,0
50.37,15,online,home,2,0
67.75,8,online,home,5,0
22.91,21,online,home,2,0
99.96,21,fuel,home,2,0
79.2,9,travel,home,3,0
42.82,21,grocery,home,1,0
34.96,13,restaurant,home,1,0
94.07,11,grocery,home,3,0
132.99,9,travel,home,2,0
148.66,21,grocery,home,2,0
64.7,14,grocery,home,4,0
9.97,7,grocery,home,1,0
12.3,14,grocery,home,2,0
60.31,18,online,home,3,0
38.08,20,grocery,home,4,0
20.69,21,online,home,2,0
95.38,19,restaurant,home,1,0
18.43,12,restaurant,home,2,0
98.88,17,fuel,home,3,0
18.87,17,online,home,5,0
22.92,14,online,home,2,0
21.57,12,grocery,home,1,0
45.68,10,restaurant,home,3,0
96.57,12,online,home,1,0
39.96,14,grocery,home,1,0
33.67,15,fuel,home,2,0
45.23,9,grocery,home,1,0
41.05,7,online,home,1,0
86.78,11,grocery,home,1,0
42.24,21,grocery,abroad,3,0
24.89,9,grocery,home,2,0
15.86,13,grocery,home,2,0
30.39,10,grocery,home,1,0
69.42,8,grocery,home,7,0
99.12,13,grocery,home,4,0
24.72,7,restaurant,home,4,0
50.0,21,restaurant,abroad,1,0
124.7,10,grocery,home,1,0
58.68,20,grocery,home,7,0
8.0,13,restaurant,home,2,0
20.95,22,online,home,2,0
17.49,17,grocery,home,3,0
31.11,10,online,home,2,0
46.47,9,grocery,home,4,0
32.25,0,grocery,home,2,0
27.93,19,restaurant,home,6,0
82.98,19,online,home,1,0
53.23,20,online,home,3,0
15.78,12,online,home,4,0
20.97,17,online,home,1,0
10.54,12,restaurant,home,3,0
147.56,19,fuel,home,3,0
164.31,3,online,home,4,0
55.88,21,grocery,abroad,4,0
27.08,13,online,home,2,0
28.86,18,online,home,1,0
77.78,21,fuel,home,3,0
82.8,21,online,home,4,0
6.07,17,online,home,5,0
119.27,1,online,home,2,0
37.04,17,grocery,home,3,0
85.1,19,restaurant,home,5,0
29.4,17,fuel,home,2,0
15.88,9,grocery,home,2,0
20.27,13,grocery,home,3,0
31.43,11,online,home,4,0
24.1,15,restaurant,home,4,0
35.94,12,grocery,home,6,0
15.02,13,grocery,home,4,0
50.59,16,restaurant,home,2,0
45.38,21,travel,home,1,0
92.08,11,restaurant,home,2,0
16.88,22,fuel,home,1,0
22.88,8,online,home,6,0
45.19,19,grocery,home,2,0
36.43,12,online,home,5,0
36.4,13,online,home,2,0
35.97,14,online,home,2,0
61.58,20,online,home,3,0
93.43,17,restaurant,home,3,0
28.51,22,restaurant,home,4,0
53.1,14,travel,home,1,0
69.62,22,online,home,3,0
11.34,16,grocery,home,1,0
30.89,3,online,home,3,0
8.85,13,grocery,home,3,0
96.9,19,grocery,home,4,0
66.18,8,travel,home,2,0
56.0,15,grocery,home,2,0
30.69,21,grocery,home,2,0
8.52,21,restaurant,home,3,0
70.08,13,restaurant,home,4,0
120.02,18,fuel,home,2,0
2666.15,20,online,home,2,1
18.46,6,online,home,3,0
3585.38,3,fuel,home,3,1
31.45,12,fuel,home,3,0
45.9,20,online,home,2,0
70.0,16,online,home,2,0
76.68,21,grocery,home,3,0
33.99,15,grocery,home,4,0
29.89,12,fuel,home,3,0
88.24,20,grocery,home,5,0
34.96,14,grocery,home,2,0
27.2,13,grocery,home,1,0
33.38,19,online,home,2,0
55.77,11,online,home,2,0
59.64,12,grocery,home,2,0
107.14,2,online,home,1,0
90.01,9,restaurant,home,1,0
2251.24,12,fuel,home,3,1
40.01,12,fuel,home,1,0
17.19,6,online,home,3,0
27.77,9,online,home,5,0
194.21,14,fuel,home,2,0
41.75,18,online,home,4,0
11.08,8,restaurant,home,5,0
47.92,10,online,home,3,0
34.95,22,restaurant,home,7,0
37.3,7,restaurant,home,2,0
102.42,21,grocery,home,3,0
12.09,19,restaurant,home,3,0
79.64,6,travel,home,2,0
65.74,15,online,home,5,0
26.54,19,online,home,4,0
29.39,11,fuel,home,2,0
33.87,18,grocery,home,4,0
29.95,11,travel,home,5,0
60.02,16,grocery,home,3,0
48.66,8,grocery,home,2,0
14.39,9,restaurant,home,1,0
30.23,18,grocery,home,1,0
23.96,0,fuel,home,4,0
30.87,9,restaurant,home,2,0
62.73,21,online,home,5,0
65.41,11,online,home,1,0
26.29,20,restaurant,home,4,0
30.23,5,grocery,home,6,0
18.88,20,restaurant,home,3,0
16.02,22,online,home,3,0
31.35,11,online,home,2,0
17.48,13,grocery,home,3,0
37.78,10,online,home,1,0
65.01,21,online,home,4,0
22.52,9,grocery,home,3,0
106.21,18,online,home,5,0
28.79,11,restaurant,home,2,0
44.58,2,grocery,home,7,0
109.04,7,grocery,home,1,0
117.98,16,online,home,1,0
28.45,11,fuel,home,2,0
30.51,20,online,home,3,0
30.85,15,grocery,home,3,0
169.02,20,restaurant,home,6,0
28.14,8,grocery,home,4,0
89.33,12,online,home,2,0
27.07,16,restaurant,home,6,0
30.94,0,fuel,home,3,0
24.35,10,grocery,home,5,0
21.02,9,online,home,2,0
13.79,9,fuel,home,4,0
108.64,7,grocery,home,1,0
28.72,10,restaurant,home,2,0
109.65,16,restaurant,home,4,0
24.22,12,restaurant,home,2,0
36.36,15,online,home,1,0
16.92,13,grocery,home,5,0
35.96,20,grocery,home,5,0
79.43,8,grocery,home,4,0
69.21,10,grocery,abroad,4,0
41.95,14,fuel,home,3,0
49.16,4,travel,home,1,0
14.68,15,grocery,home,3,0
33.61,18,fuel,home,3,0
51.78,6,grocery,home,3,0
96.53,23,grocery,home,3,0
62.55,13,grocery,home,4,0
13.5,19,restaurant,abroad,4,0
41.52,13,fuel,home,5,0
10.33,11,fuel,home,5,0
44.95,14,online,home,2,0
39.31,11,grocery,home,2,0
25.99,13,grocery,home,1,0
13.96,10,restaurant,home,4,0
57.57,13,grocery,abroad,2,0
14.05,16,grocery,home,4,0
70.75,13,restaurant,home,1,0
50.19,18,online,home,2,0
22.91,21,travel,home,2,0
8.2,16,online,home,2,0
65.0,8,travel,home,3,0
33.68,8,grocery,home,4,0
26.08,11,grocery,home,2,0
59.04,22,restaurant,home,1,0
20.19,20,restaurant,home,5,0
40.63,14,online,home,1,0
149.64,3,restaurant,home,2,0
28.47,23,online,home,2,0
99.55,21,grocery,home,1,0
29.97,19,online,home,7,0
60.89,10,online,home,2,0
18.91,21,grocery,home,2,0
90.37,7,grocery,home,3,0
15.63,13,grocery,home,4,0
193.28,16,restaurant,home,2,0
68.54,12,online,home,4,0
45.14,9,grocery,home,4,0
34.46,17,grocery,home,6,0
14.23,14,travel,home,4,0
70.79,8,travel,home,3,0
36.14,16,travel,home,3,0
30.29,8,grocery,home,2,0
17.49,14,online,home,4,0
93.59,11,fuel,home,2,0
11.82,19,fuel,home,1,0
16.13,19,grocery,home,1,0
115.1,2,restaurant,home,3,0
3.5,8,restaurant,home,2,0
20.94,20,grocery,home,1,0
53.64,9,grocery,home,1,0
57.36,1,restaurant,home,3,0
7.98,3,grocery,home,1,0
45.75,20,online,home,3,0
34.16,16,grocery,home,3,0
59.99,19,restaurant,home,2,0
102.84,10,restaurant,home,2,0
22.33,11,travel,home,2,0
47.33,10,restaurant,home,2,0
141.77,10,online,home,3,0
22.47,18,grocery,home,4,0
81.5,20,online,home,3,0
112.24,23,restaurant,home,5,0
22.97,7,online,home,1,0
53.54,21,online,home,5,0
30.48,17,restaurant,home,3,0
38.53,10,grocery,home,2,0
187.87,20,grocery,home,2,0
49.76,20,fuel,abroad,3,0
24.0,4,online,home,2,0
73.26,11,grocery,home,1,0
48.81,8,grocery,home,2,0
183.71,14,grocery,home,4,0
50.97,19,grocery,home,3,0
32.93,8,fuel,home,4,0
21.61,20,online,home,4,0
14.74,5,restaurant,home,2,0
11.84,9,grocery,home,4,0
39.95,18,grocery,home,2,0
40.13,19,fuel,home,2,0
28.91,10,online,home,3,0
31.15,20,online,home,3,0
67.68,11,fuel,home,4,0
70.57,13,travel,home,5,0
43.97,18,grocery,home,6,0
41.06,7,fuel,home,1,0
39.21,19,travel,home,2,0
14.28,15,online,home,2,0
41.24,20,travel,home,2,0
14.7,21,online,home,3,0
42.13,16,grocery,home,3,0
20.64,22,online,home,3,0
37.2,10,grocery,home,1,0
30.48,18,grocery,home,5,0
10.28,21,online,home,4,0
48.34,11,online,home,5,0
58.25,9,fuel,home,2,0
37.29,12,grocery,home,5,0
29.35,1,restaurant,home,2,0
24.05,13,online,home,1,0
27.42,9,travel,home,4,0
58.67,20,grocery,home,2,0
25.06,16,online,home,2,0
51.63,8,online,home,3,0
19.21,20,online,home,3,0
51.56,15,fuel,home,2,0
50.43,22,grocery,home,3,0
67.88,18,grocery,home,2,0
147.91,1,restaurant,home,2,0
36.82,21,online,home,1,0
242.42,14,grocery,home,4,0
12.25,11,grocery,home,2,0
7.81,10,restaurant,home,5,0
35.0,9,online,abroad,4,0
84.53,7,online,home,6,0
39.11,14,grocery,home,2,0
169.11,15,grocery,home,1,0
78.37,23,fuel,home,3,0
23.61,16,restaurant,home,7,0
20.42,17,grocery,home,2,0
105.07,18,grocery,home,2,0
2347.19,3,online,abroad,2,1
20.28,12,online,home,3,0
21.83,17,grocery,home,3,0
16.94,23,online,home,2,0
12.76,7,restaurant,home,3,0
74.29,8,travel,home,1,0
43.04,8,fuel,home,2,0
70.27,12,restaurant,home,2,0
36.47,10,grocery,home,2,0
66.77,13,grocery,home,1,0
16.26,18,grocery,home,1,0
48.22,21,fuel,home,4,0
32.09,15,fuel,home,2,0
15.28,17,travel,home,3,0
28.85,7,grocery,home,1,0
31.82,19,online,home,4,0
7.0,11,restaurant,home,3,0
103.63,21,restaurant,home,3,0
75.53,14,restaurant,home,3,0
32.91,18,grocery,home,1,0
22.11,16,grocery,home,5,0
83.43,20,restaurant,abroad,3,0
78.5,16,grocery,home,4,0
16.51,21,fuel,home,4,0
13.54,9,restaurant,home,2,0
90.44,14,restaurant,home,2,0
57.48,11,online,home,3,0
67.61,11,grocery,home,2,0
14.22,1,fuel,home,3,0
32.53,14,grocery,home,2,0
120.62,8,restaurant,home,2,0
45.16,12,travel,home,1,0
28.5,11,online,home,3,0
46.85,2,restaurant,home,3,0
32.55,12,online,home,1,0
82.52,21,grocery,home,1,0
4.8,10,restaurant,home,5,0
85.95,19,restaurant,home,2,0
87.35,11,restaurant,home,3,0
33.89,12,travel,home,3,0
24.24,15,grocery,home,2,0
101.47,13,restaurant,home,3,0
43.81,23,grocery,home,6,0
37.85,9,grocery,home,4,0
19.75,12,grocery,home,4,0
5.58,1,restaurant,home,4,0
12.96,13,restaurant,home,3,0
13.82,11,restaurant,home,2,0
29.09,19,online,home,3,0
28.21,17,grocery,home,2,0
11.3,12,fuel,home,4,0
27.65,17,grocery,home,2,0
55.76,8,fuel,home,1,0
26.03,4,grocery,home,3,0
33.82,20,grocery,home,3,0
57.2,9,travel,home,1,0
56.53,17,grocery,home,2,0
33.45,21,restaurant,home,5,0
1588.4,1,online,abroad,4,1
61.71,12,online,home,3,0
28.81,22,grocery,home,3,0
17.04,7,grocery,home,5,0
27.58,16,fuel,home,2,0
36.56,10,grocery,home,4,0
29.23,18,restaurant,home,1,0
24.39,18,restaurant,home,2,0
17.9,16,grocery,home,3,0
13.03,18,restaurant,home,2,0
73.33,20,grocery,abroad,5,0
60.3,19,restaurant,home,4,0
47.43,20,fuel,home,2,0
40.72,12,fuel,home,3,0
28.57,8,online,home,3,0
41.73,21,grocery,home,4,0
23.67,18,restaurant,home,3,0
21.95,12,online,home,1,0
27.75,10,online,home,4,0
96.02,7,online,home,4,0
34.38,9,online,home,2,0
19.17,2,grocery,home,2,0
44.16,8,restaurant,home,1,0
10.81,22,grocery,home,2,0
46.93,12,online,home,1,0
22.05,11,grocery,home,3,0
25.4,15,grocery,home,1,0
19.02,8,fuel,home,2,0
13.68,8,travel,home,4,0
53.57,9,online,home,3,0
31.03,23,online,home,2,0
91.45,10,travel,home,4,0
14.08,17,grocery,home,2,0
37.63,7,fuel,home,2,0
31.45,12,travel,home,2,0
44.31,15,fuel,home,3,0
26.35,0,grocery,home,4,0
85.18,16,online,home,4,0
22.21,18,online,home,4,0
8.83,8,online,home,5,0
68.17,14,restaurant,home,1,0
73.39,19,grocery,home,6,0
37.98,20,online,home,3,0
13.0,7,online,home,4,0
101.02,18,travel,home,3,0
12.52,12,restaurant,home,5,0
41.48,7,travel,home,2,0
55.77,21,grocery,home,4,0
42.95,20,restaurant,home,4,0
61.49,19,online,home,1,0
37.89,18,grocery,home,4,0
57.17,16,online,home,6,0
41.61,8,online,home,5,0
58.55,21,grocery,home,1,0
6.68,15,restaurant,home,3,0
17.38,21,restaurant,home,3,0
50.73,23,grocery,home,3,0
81.18,21,restaurant,home,3,0
40.85,18,restaurant,home,1,0
66.64,19,grocery,home,2,0
62.86,10,grocery,home,1,0
27.69,9,grocery,home,7,0
102.58,10,grocery,home,4,0
61.33,8,online,home,1,0
24.76,11,restaurant,home,1,0
23.11,16,travel,home,3,0
15.94,18,travel,home,2,0
34.23,18,grocery,home,1,0
28.49,15,online,home,1,0
46.0,8,online,home,3,0
133.23,14,grocery,home,2,0
11.62,2,fuel,home,2,0
37.77,16,grocery,home,4,0
17.44,12,travel,home,3,0
20.32,22,grocery,home,2,0
36.61,9,restaurant,home,2,0
61.72,17,online,home,2,0
114.06,4,grocery,home,5,0
41.93,11,fuel,home,1,0
41.84,17,fuel,home,2,0
48.21,18,fuel,home,2,0
25.35,22,restaurant,home,3,0
2139.31,1,online,abroad,5,1
79.75,18,grocery,home,1,0
44.57,8,fuel,home,4,0
31.81,13,restaurant,home,2,0
36.31,18,grocery,home,1,0
51.47,13,online,home,4,0
20.02,20,online,home,3,0
22.78,7,fuel,home,2,0
24.08,7,grocery,home,4,0
23.85,7,fuel,home,4,0
40.64,11,grocery,home,2,0
52.92,3,grocery,home,1,0
43.14,17,fuel,home,4,0
30.14,9,online,home,5,0
30.23,16,fuel,home,2,0
21.45,19,grocery,home,2,0
87.27,7,grocery,home,2,0
29.57,19,restaurant,home,3,0
15.88,5,grocery,home,7,0
280.17,16,fuel,home,2,0
32.58,19,grocery,home,4,0
60.04,17,restaurant,home,4,0
28.67,15,restaurant,home,5,0
62.03,9,online,home,1,0
56.8,18,online,home,3,0
43.65,21,grocery,home,1,0
15.18,11,grocery,home,3,0
44.88,8,grocery,home,3,0
48.17,21,travel,home,6,0
50.83,11,grocery,home,7,0
24.76,9,grocery,home,3,0
57.43,14,grocery,home,2,0
47.09,20,grocery,home,3,0
31.01,19,restaurant,home,5,0
172.05,19,restaurant,home,2,0
57.17,12,online,home,3,0
47.15,22,grocery,home,3,0
16.34,13,online,home,1,0
91.93,1,restaurant,home,2,0
34.23,22,fuel,home,2,0
24.36,14,grocery,home,4,0
60.82,19,grocery,home,3,0
18.35,19,fuel,home,2,0
20.45,20,fuel,home,2,0
29.39,13,restaurant,home,4,0
84.41,14,grocery,home,6,0
26.48,14,online,home,1,0
55.07,18,fuel,abroad,3,0
67.71,20,restaurant,home,6,0
7.78,8,grocery,home,2,0
22.67,16,restaurant,home,2,0
26.94,7,restaurant,home,1,0
48.75,10,restaurant,home,1,0
23.26,15,fuel,home,3,0
43.32,17,fuel,home,1,0
38.89,9,online,home,4,0
27.53,8,grocery,home,6,0
42.74,19,fuel,home,3,0
35.86,12,restaurant,home,4,0
37.62,21,fuel,home,3,0
147.67,18,online,home,5,0
96.81,21,restaurant,home,3,0
19.52,12,grocery,home,2,0
38.42,17,fuel,home,1,0
44.75,12,grocery,home,3,0
30.74,20,online,home,3,0
19.26,14,grocery,home,3,0
3359.36,4,fuel,home,4,1
39.67,9,restaurant,home,2,0
25.71,20,fuel,home,2,0
32.13,12,restaurant,home,4,0
36.04,14,grocery,home,1,0
33.46,9,fuel,home,3,0
35.17,12,online,home,3,0
25.47,11,online,home,2,0
19.65,10,travel,home,3,0
60.58,12,online,home,3,0
83.34,12,online,home,1,0
4105.57,9,restaurant,home,5,1
23.75,15,grocery,home,6,0
30.22,9,grocery,home,5,0
29.08,19,grocery,home,3,0
11.25,23,online,home,3,0
39.6,11,online,home,4,0
12.19,15,grocery,home,3,0
59.86,19,online,home,2,0
53.42,17,grocery,abroad,3,0
33.07,17,grocery,home,4,0
43.48,7,fuel,home,3,0
44.89,21,online,home,4,0
29.7,6,online,home,2,0
146.12,14,fuel,home,1,0
17.16,9,online,home,3,0
52.35,15,restaurant,home,4,0
122.28,20,grocery,home,5,0
36.27,7,online,home,2,0
111.25,13,online,home,6,0
36.06,10,grocery,home,3,0
29.93,19,restaurant,abroad,5,0
51.56,11,restaurant,abroad,5,0
41.22,11,grocery,home,2,0
45.08,19,grocery,home,2,0
58.22,12,online,home,2,0
38.73,17,online,home,2,0
26.48,18,online,home,3,0
35.76,8,fuel,home,2,0
52.6,12,restaurant,home,2,0
8.38,20,fuel,home,3,0
16.48,7,restaurant,home,1,0
28.6,21,fuel,home,4,0
42.44,19,fuel,home,4,0
36.47,17,online,home,4,0
9.6,14,fuel,home,2,0
33.09,19,fuel,home,2,0
104.02,13,grocery,home,1,0
98.38,12,restaurant,home,3,0
34.48,17,grocery,home,3,0
36.02,19,fuel,home,3,0
21.09,11,grocery,home,3,0
44.84,22,online,home,2,0
18.81,1,fuel,home,1,0
14.74,7,restaurant,home,2,0
41.75,10,grocery,home,3,0
10.82,10,grocery,home,2,0
15.88,17,grocery,home,5,0
31.36,21,restaurant,abroad,3,0
83.68,14,restaurant,home,1,0
73.69,18,fuel,home,5,0
54.65,7,online,home,2,0
87.42,17,restaurant,home,3,0
14.08,15,online,home,1,0
80.89,8,restaurant,home,1,0
14.35,16,online,home,2,0
84.24,8,online,home,2,0
44.02,15,fuel,home,3,0
35.8,19,online,home,4,0
31.27,16,restaurant,home,1,0
48.68,9,restaurant,home,2,0
37.99,12,restaurant,home,3,0
51.12,20,restaurant,home,4,0
40.68,12,online,home,1,0
36.82,19,grocery,home,2,0
72.02,18,restaurant,home,2,0
16.33,17,online,home,1,0
20.24,20,online,home,2,0
32.03,10,grocery,home,4,0
88.84,16,fuel,home,4,0
18.83,20,restaurant,home,2,0
43.79,20,grocery,home,1,0
44.29,21,restaurant,home,2,0
32.06,13,online,abroad,3,0
14.54,8,online,home,6,0
24.79,15,online,home,1,0
15.46,11,fuel,home,3,0
55.84,14,grocery,home,1,0
86.91,14,grocery,home,3,0
28.83,8,grocery,home,4,0
34.84,17,online,abroad,3,0
27.81,13,online,home,4,0
21.51,8,grocery,home,2,0
74.68,14,restaurant,home,4,0
75.8,7,grocery,home,2,0
35.53,18,online,home,1,0
26.58,17,fuel,home,1,0
10.44,15,grocery,home,2,0
47.09,6,online,home,1,0
23.52,16,grocery,home,1,0
149.15,20,online,home,2,0
63.65,9,grocery,home,4,0
12.34,22,grocery,home,1,0
73.83,7,restaurant,home,5,0
16.61,19,grocery,home,4,0
30.4,11,online,home,2,0
11.81,21,fuel,home,4,0
57.82,21,grocery,home,1,0
110.63,23,grocery,home,1,0
34.24,12,grocery,home,6,0
136.3,15,restaurant,home,5,0
22.91,11,restaurant,abroad,2,0
35.3,19,grocery,home,2,0
15.54,15,fuel,home,1,0
21.04,10,grocery,home,7,0
64.33,18,grocery,home,1,0
87.16,13,online,home,1,0
24.03,9,grocery,home,2,0
8.57,20,grocery,home,3,0
123.25,6,online,home,2,0
55.07,19,online,home,2,0
70.26,21,online,home,3,0
38.45,7,online,home,3,0
61.61,10,grocery,abroad,4,0
40.07,17,restaurant,home,1,0
48.07,18,restaurant,home,1,0
39.02,7,grocery,home,2,0
31.67,7,fuel,home,4,0
27.5,15,grocery,home,1,0
89.45,12,grocery,home,5,0
60.26,16,fuel,home,2,0
55.31,12,grocery,home,2,0
17.84,10,restaurant,home,4,0
18.95,18,online,home,4,0
52.7,5,restaurant,home,4,0
21.77,23,online,home,6,0
23.07,14,restaurant,home,3,0
20.33,15,fuel,home,7,0
126.77,11,fuel,home,3,0
29.18,16,restaurant,home,1,0
66.66,8,grocery,home,1,0
18.83,13,grocery,home,2,0
194.91,12,restaurant,abroad,4,0
35.42,15,fuel,home,4,0
47.99,13,online,home,2,0
59.72,7,online,home,4,0
48.41,16,grocery,home,3,0
32.91,17,restaurant,home,6,0
20.66,21,online,home,5,0
33.28,17,grocery,home,2,0
62.78,20,restaurant,home,2,0
53.63,8,fuel,home,3,0
35.27,17,restaurant,abroad,7,0
40.67,19,online,home,4,0
57.94,14,online,home,1,0
34.93,13,restaurant,home,6,0
18.24,7,online,home,2,0
68.59,15,grocery,home,1,0
55.16,17,restaurant,home,2,0
17.56,9,grocery,home,2,0
33.63,16,grocery,home,3,0
20.33,19,online,home,2,0
13.54,12,online,home,3,0
24.55,18,travel,home,1,0
40.15,9,grocery,home,2,0
35.59,18,online,home,5,0
104.84,23,online,home,2,0
36.71,12,grocery,home,3,0
31.19,1,grocery,home,3,0
37.2,18,online,home,1,0
42.25,18,restaurant,home,3,0
47.39,13,grocery,home,1,0
49.94,9,grocery,home,4,0
16.1,13,grocery,home,4,0
26.44,15,grocery,home,4,0
19.52,1,online,abroad,2,0
39.41,12,fuel,home,3,0
14.01,13,restaurant,home,4,0
13.03,11,online,home,5,0
22.98,9,grocery,home,5,0
49.67,22,online,home,2,0
34.69,20,online,home,2,0
133.8,8,grocery,home,2,0
136.18,19,restaurant,home,1,0
60.47,10,online,home,3,0
42.47,20,fuel,home,1,0
22.33,11,grocery,home,2,0
40.51,15,grocery,home,4,0
44.88,11,fuel,home,2,0
6.18,7,online,home,5,0
15.56,7,grocery,home,1,0
6.17,12,online,home,2,0
34.16,20,travel,home,5,0
82.34,0,travel,home,4,0
167.21,11,online,home,2,0
7.49,11,grocery,home,2,0
45.86,5,grocery,home,3,0
50.78,16,online,home,3,0
10.59,7,grocery,home,5,0
16.92,16,online,abroad,3,0
7.29,18,online,home,1,0
32.55,7,grocery,home,5,0
25.22,3,online,home,1,0
46.42,17,grocery,home,3,0
42.46,15,online,home,3,0
37.42,21,grocery,home,3,0
19.14,14,online,home,2,0
51.04,19,fuel,home,3,0
83.35,7,fuel,home,3,0
119.7,7,grocery,home,3,0
25.21,9,restaurant,home,2,0
36.36,19,grocery,home,2,0
39.75,14,grocery,home,4,0
82.34,13,grocery,home,2,0
44.94,5,grocery,home,3,0
30.37,19,online,home,2,0
89.49,15,grocery,home,3,0
100.61,14,fuel,home,1,0
13.71,12,online,home,5,0
65.95,23,restaurant,home,4,0
22.3,21,grocery,home,4,0
32.63,11,restaurant,home,2,0
23.9,16,restaurant,home,5,0
30.03,8,restaurant,home,7,0
59.45,12,fuel,home,3,0
19.35,13,travel,home,2,0
13.58,17,grocery,home,3,0
16.1,20,online,home,4,0
40.3,15,online,home,1,0
43.58,5,grocery,home,3,0
16.96,21,grocery,home,3,0
40.0,12,online,home,2,0
13.07,16,restaurant,home,4,0
30.82,23,fuel,abroad,3,0
13.87,19,restaurant,home,5,0
22.25,6,fuel,home,2,0
60.54,12,online,home,2,0
74.22,11,online,home,6,0
32.67,16,restaurant,home,2,0
4671.32,1,online,abroad,1,1
87.03,16,grocery,home,3,0
12.25,0,fuel,home,4,0
13.89,16,online,home,4,0
16.2,11,online,home,2,0
84.93,15,grocery,home,1,0
30.92,15,grocery,home,4,0
21.43,9,fuel,home,3,0
33.79,16,grocery,home,5,0
54.04,15,restaurant,home,3,0
30.33,19,fuel,abroad,2,0
65.81,8,fuel,home,3,0
56.43,18,grocery,home,1,0
21.79,16,fuel,home,3,0
28.84,17,grocery,home,1,0
46.07,20,online,home,1,0
47.61,13,grocery,home,5,0
10.74,13,restaurant,home,2,0
12.74,20,restaurant,abroad,4,0
76.85,14,online,home,5,0
18.25,14,fuel,home,2,0
33.22,10,restaurant,home,2,0
126.72,22,restaurant,home,3,0
25.25,13,fuel,home,2,0
53.88,8,grocery,home,2,0
139.71,14,fuel,home,4,0
61.72,12,online,home,1,0
56.36,19,online,home,3,0
23.57,16,restaurant,home,3,0
129.58,13,online,home,4,0
35.98,8,fuel,home,1,0
37.38,16,online,home,2,0
17.33,17,grocery,home,4,0
25.29,19,travel,home,2,0
33.46,18,grocery,home,2,0
56.38,0,online,home,4,0
69.11,9,grocery,home,2,0
69.53,8,grocery,home,1,0
17.49,18,online,home,3,0
32.88,21,grocery,home,2,0
25.46,15,online,home,3,0
153.96,16,fuel,home,1,0
59.4,7,grocery,home,3,0
26.57,9,fuel,home,3,0
23.63,7,restaurant,home,2,0
17.2,15,online,home,3,0
45.76,19,restaurant,home,2,0
26.61,8,grocery,home,4,0
5.58,14,restaurant,home,3,0
26.63,9,restaurant,home,2,0
71.69,7,online,home,3,0
30.29,18,online,home,1,0
341.12,8,restaurant,home,1,0
35.63,7,grocery,home,1,0
70.72,7,fuel,home,3,0
55.58,15,grocery,home,1,0
42.02,20,fuel,home,1,0
19.2,20,online,home,2,0
29.94,17,grocery,home,3,0
45.15,14,grocery,home,5,0
47.39,23,grocery,home,2,0
7.23,13,online,home,4,0
48.81,12,restaurant,abroad,4,0
52.15,8,grocery,home,3,0
19.74,14,online,home,4,0
34.5,7,grocery,home,4,0
91.36,10,travel,home,3,0
17.04,10,grocery,home,3,0
35.45,12,travel,home,3,0
36.89,17,grocery,abroad,3,0
30.51,8,restaurant,home,3,0
34.12,15,grocery,home,4,0
42.17,8,grocery,home,3,0
110.97,11,grocery,home,3,0
44.39,20,travel,home,1,0
25.9,22,travel,home,4,0
20.29,16,fuel,home,4,0
45.74,8,grocery,home,3,0
16.73,21,online,home,3,0
48.93,9,fuel,abroad,1,0
28.0,15,restaurant,home,4,0
45.99,9,restaurant,home,1,0
34.14,20,grocery,home,1,0
41.12,17,grocery,home,3,0
28.04,7,grocery,home,1,0
26.99,15,online,home,2,0
84.97,20,online,home,1,0
29.02,18,restaurant,home,3,0
31.58,11,online,home,5,0
43.54,8,grocery,home,3,0
17.8,12,travel,abroad,4,0
28.07,12,online,home,2,0
38.44,12,fuel,home,5,0
9.65,0,grocery,home,3,0
46.9,14,restaurant,home,3,0
22.35,11,online,home,4,0
18.38,14,restaurant,home,3,0
45.53,16,restaurant,home,2,0
28.56,22,grocery,home,4,0
84.68,16,grocery,home,2,0
24.7,7,online,home,3,0
49.2,7,fuel,home,4,0
30.38,12,fuel,home,3,0
23.01,14,online,home,6,0
44.6,9,grocery,home,4,0
30.77,12,restaurant,home,5,0
12.0,20,restaurant,home,4,0
35.48,9,restaurant,abroad,3,0
104.56,12,online,home,1,0
139.73,16,fuel,home,3,0
42.9,17,online,home,2,0
57.96,17,online,home,2,0
40.81,20,grocery,abroad,2,0
15.04,19,grocery,home,4,0
5.58,11,grocery,home,6,0
81.82,19,online,home,2,0
32.18,9,grocery,home,2,0
58.88,17,grocery,home,5,0
26.9,21,restaurant,home,2,0
20.07,15,online,home,6,0
99.57,16,grocery,home,2,0
10.01,17,online,home,6,0
52.51,17,travel,home,3,0
78.45,17,grocery,home,1,0
57.4,19,online,home,2,0
14.45,15,online,home,1,0
24.52,17,travel,home,4,0
4485.88,1,online,abroad,5,1
30.36,8,grocery,home,2,0
65.15,17,online,home,2,0
67.58,18,grocery,home,4,0
83.48,11,grocery,home,6,0
56.88,19,fuel,home,7,0
19.43,14,restaurant,abroad,4,0
16.39,14,restaurant,home,3,0
38.77,9,restaurant,home,4,0
23.92,12,online,home,4,0
85.68,17,grocery,home,1,0
52.02,11,fuel,home,1,0
128.41,18,online,home,3,0
48.88,17,grocery,home,5,0
42.98,15,grocery,home,4,0
75.99,10,grocery,home,1,0
24.71,19,fuel,home,3,0
39.56,14,grocery,home,4,0
20.9,18,grocery,home,2,0
84.59,11,grocery,home,2,0
27.75,10,grocery,home,1,0
4485.47,3,restaurant,home,3,1
25.15,20,grocery,home,2,0
9.3,10,online,home,2,0
38.17,12,grocery,home,5,0
22.52,9,online,home,1,0
85.17,12,restaurant,home,6,0
103.88,10,fuel,home,3,0
53.42,12,grocery,home,2,0
14.0,14,grocery,home,3,0
60.59,12,grocery,home,2,0
15.71,9,online,home,4,0
25.96,16,fuel,home,3,0
60.46,10,restaurant,abroad,4,0
6.85,18,grocery,home,4,0
70.46,10,online,home,4,0
42.43,11,restaurant,home,2,0
26.13,0,restaurant,home,2,0
28.78,17,online,home,5,0
4.64,10,online,home,3,0
26.04,11,fuel,home,2,0
26.41,8,restaurant,home,5,0
14.86,8,grocery,home,1,0
23.67,14,grocery,home,2,0
24.65,12,online,home,4,0
39.88,20,online,home,3,0
32.58,7,restaurant,home,5,0
53.45,15,grocery,home,2,0
19.23,14,fuel,home,2,0
10.76,20,grocery,home,4,0
33.36,8,grocery,home,3,0
11.21,7,grocery,home,2,0
23.24,5,online,home,2,0
30.21,21,online,home,3,0
219.89,7,online,home,1,0
5551.39,7,grocery,home,1,1
10.02,7,grocery,home,4,0
12.97,16,fuel,abroad,3,0
57.62,10,grocery,home,5,0
58.7,18,online,home,3,0
54.9,21,restaurant,home,2,0
27.6,15,online,home,3,0
68.02,15,grocery,home,4,0
24.99,11,online,home,4,0
56.5,21,restaurant,home,4,0
61.75,18,grocery,home,2,0
14.55,7,fuel,home,3,0
70.1,15,online,home,1,0
38.9,14,restaurant,home,4,0
38.02,14,online,home,6,0
46.35,7,online,home,3,0
27.38,16,grocery,home,5,0
58.89,9,fuel,home,4,0
73.57,8,fuel,home,2,0
78.42,13,fuel,home,2,0
23.1,9,fuel,home,6,0
32.47,17,restaurant,home,3,0
47.0,13,restaurant,home,2,0
28.29,1,online,home,2,0
32.9,16,fuel,home,2,0
15.88,12,grocery,home,3,0
42.94,8,grocery,home,4,0
80.37,16,grocery,home,2,0
44.17,8,fuel,home,2,0
56.02,22,grocery,home,2,0
36.32,16,fuel,abroad,4,0
67.12,17,online,home,1,0
38.49,13,grocery,home,2,0
70.45,8,grocery,home,2,0
28.21,21,online,home,1,0
45.3,4,online,home,1,0
80.55,15,travel,home,4,0
44.22,10,grocery,home,4,0
13.66,16,fuel,home,3,0
12.35,8,online,home,4,0
7.98,8,fuel,home,5,0
71.89,6,restaurant,home,3,0
39.08,0,grocery,home,3,0
37.94,22,online,home,3,0
4.31,14,grocery,home,3,0
41.51,20,fuel,home,4,0
118.05,12,travel,home,4,0
76.93,9,grocery,home,1,0
39.52,18,grocery,home,2,0
28.54,20,restaurant,home,6,0
107.92,21,fuel,home,3,0
29.2,17,restaurant,home,5,0
43.25,12,online,home,5,0
43.69,13,restaurant,home,4,0
68.21,9,grocery,home,3,0
55.73,20,grocery,home,2,0
57.63,22,restaurant,home,3,0
39.49,20,fuel,home,3,0
47.77,10,grocery,home,2,0
31.69,20,grocery,home,6,0
40.59,23,grocery,home,1,0
23.4,11,restaurant,home,5,0
33.85,8,grocery,home,4,0
21.55,15,restaurant,home,5,0
13.35,15,restaurant,home,3,0
62.27,1,restaurant,home,2,0
11.86,20,online,home,3,0
28.02,14,grocery,home,3,0
122.64,19,grocery,home,1,0
52.98,13,online,home,2,0
68.44,0,restaurant,home,3,0
14.21,17,online,home,1,0
29.4,14,grocery,home,2,0
20.51,9,grocery,home,4,0
31.48,10,online,home,2,0
21.32,1,grocery,home,3,0
51.52,7,travel,home,2,0
35.66,10,online,home,2,0
20.52,19,grocery,home,5,0
81.07,10,restaurant,home,2,0
21.42,18,restaurant,home,2,0
145.81,20,restaurant,home,4,0
32.3,17,grocery,home,3,0
28.51,18,grocery,home,2,0
106.21,21,restaurant,home,2,0
22.93,20,grocery,home,2,0
75.99,17,online,home,4,0
26.87,18,restaurant,abroad,2,0
34.71,12,restaurant,home,5,0
9.47,11,grocery,home,2,0
93.88,2,online,home,4,0
36.74,18,fuel,home,1,0
171.73,15,grocery,home,4,0
14.05,5,online,abroad,6,0
27.14,13,online,home,2,0
12.55,0,restaurant,home,1,0
15.81,1,grocery,home,3,0
77.22,18,online,home,4,0
24.23,20,grocery,home,2,0
32.31,15,grocery,home,2,0
24.04,22,grocery,home,2,0
44.73,21,grocery,home,5,0
20.86,15,fuel,home,3,0
8.16,7,grocery,home,6,0
42.92,9,online,home,3,0
38.03,19,restaurant,home,4,0
62.19,17,online,home,4,0
99.19,7,fuel,home,1,0
16.69,5,fuel,home,2,0
22.64,13,online,home,3,0
36.9,10,grocery,home,4,0
89.25,12,fuel,home,4,0
28.28,9,online,home,3,0
32.13,15,online,home,3,0
39.07,1,restaurant,home,3,0
67.96,16,fuel,home,4,0
13.21,14,fuel,home,2,0
65.39,20,grocery,home,2,0
40.1,12,grocery,home,3,0
63.42,14,grocery,abroad,4,0
52.81,21,online,home,1,0
6.39,17,grocery,home,5,0
78.46,11,online,home,4,0
73.78,7,restaurant,home,2,0
72.35,18,grocery,home,2,0
10.48,10,fuel,home,3,0
20.47,8,restaurant,home,4,0
66.08,14,grocery,home,3,0
20.87,3,grocery,home,4,0
2.21,19,grocery,home,4,0
32.0,12,fuel,home,2,0
20.88,19,grocery,home,2,0
16.66,13,grocery,home,3,0
24.82,12,grocery,home,4,0
11.37,20,online,home,2,0
55.11,22,fuel,home,4,0
17.17,10,restaurant,home,3,0
83.09,2,restaurant,home,6,0
43.68,15,restaurant,home,2,0
30.08,4,online,home,3,0
205.08,8,grocery,home,2,0
83.04,14,grocery,home,3,0
112.0,19,grocery,home,5,0
65.72,23,grocery,home,3,0
36.66,14,grocery,home,4,0
66.38,15,travel,home,1,0
72.0,7,restaurant,home,4,0
27.46,21,online,home,2,0
25.6,8,grocery,home,4,0
17.12,16,restaurant,home,3,0
8.61,12,online,home,2,0
63.31,9,grocery,home,5,0
49.74,5,restaurant,home,5,0
28.26,8,online,home,2,0
28.93,20,online,home,2,0
17.19,15,travel,home,2,0
47.0,0,online,home,3,0
287.26,13,grocery,abroad,2,0
23.19,15,travel,home,2,0
43.85,13,fuel,home,6,0
28.87,12,grocery,home,3,0
80.42,11,grocery,home,2,0
74.4,23,online,home,5,0
79.65,20,fuel,home,2,0
18.35,14,fuel,home,2,0
59.33,7,fuel,home,2,0
74.24,18,fuel,home,1,0
12.73,14,grocery,home,5,0
126.22,10,grocery,home,3,0
32.7,20,grocery,home,3,0
29.45,12,grocery,home,2,0
114.5,20,online,home,2,0
17.8,20,restaurant,home,2,0
47.67,11,restaurant,home,2,0
42.52,21,grocery,home,1,0
16.25,10,online,home,3,0
36.91,14,grocery,home,5,0
9.12,7,grocery,home,1,0
48.44,20,grocery,home,5,0
116.6,14,grocery,home,3,0
50.51,16,grocery,home,2,0
49.74,11,grocery,home,4,0
36.56,16,online,home,5,0
13.42,13,online,home,3,0
31.24,19,grocery,home,3,0
97.31,11,grocery,home,3,0
32.68,11,grocery,home,2,0
19.61,12,grocery,home,3,0
4.09,9,online,home,5,0
19.3,8,online,home,2,0
155.19,20,grocery,home,3,0
41.01,11,grocery,home,3,0
27.51,1,grocery,home,2,0
46.28,3,grocery,home,2,0
58.38,11,travel,home,4,0
145.86,18,grocery,home,1,0
37.98,11,restaurant,home,4,0
85.8,16,fuel,home,1,0
45.85,14,fuel,home,4,0
20.47,3,grocery,home,2,0
71.17,3,travel,home,1,0
46.04,9,online,home,1,0
15.04,19,restaurant,home,4,0
110.02,14,grocery,home,3,0
49.42,8,online,home,7,0
16.16,7,online,home,3,0
42.48,11,travel,home,5,0
24.36,19,grocery,abroad,3,0
13.71,20,online,home,4,0
21.32,10,online,home,1,0
6.39,16,online,home,1,0
51.12,7,online,home,5,0
55.95,21,travel,home,3,0
76.52,2,grocery,home,2,0
63.12,20,grocery,home,2,0
29.19,15,fuel,home,4,0
160.96,19,grocery,home,3,0
33.34,21,fuel,home,2,0
111.86,11,online,home,4,0
35.36,19,online,home,3,0
11.22,14,online,home,2,0
79.42,7,grocery,home,4,0
38.16,23,online,home,2,0
23.91,14,online,home,3,0
31.04,20,restaurant,home,6,0
11.14,3,travel,home,1,0
46.0,20,grocery,home,5,0
41.15,9,grocery,home,5,0
28.06,20,online,home,1,0
106.72,22,grocery,home,5,0
12.3,12,grocery,home,4,0
166.95,10,restaurant,home,3,0
71.39,21,online,home,2,0
53.4,12,online,home,4,0
25.29,10,online,home,5,0
25.73,10,restaurant,home,3,0
31.96,8,online,home,1,0
53.29,15,fuel,home,3,0
26.27,14,travel,home,2,0
24.23,15,online,home,3,0
176.23,11,grocery,home,6,0
75.56,20,online,home,1,0
90.6,14,grocery,abroad,4,0
19.17,16,grocery,home,3,0
9.5,19,grocery,home,3,0
47.47,13,travel,home,3,0
21.13,4,grocery,home,3,0
113.02,7,fuel,home,4,0
26.09,9,grocery,home,3,0
71.5,10,online,home,4,0
33.73,15,online,home,4,0
49.96,14,grocery,home,2,0
20.26,21,restaurant,home,3,0
11.47,1,online,home,3,0
177.83,17,grocery,home,1,0
23.65,8,grocery,home,4,0
23.96,9,restaurant,home,2,0
99.24,17,fuel,home,2,0
59.05,10,online,home,5,0
36.61,14,restaurant,home,2,0
27.77,19,fuel,home,2,0
60.27,17,fuel,abroad,3,0
45.06,18,grocery,home,1,0
31.04,16,online,home,3,0
40.2,7,online,home,4,0
59.12,10,grocery,home,3,0
50.72,23,fuel,home,3,0
42.76,12,grocery,home,2,0
37.43,19,grocery,home,3,0
90.54,21,online,home,3,0
23.97,16,restaurant,home,3,0
73.67,21,fuel,home,4,0
23.54,19,grocery,home,2,0
90.52,11,online,home,3,0
88.18,16,grocery,home,3,0
27.31,10,restaurant,home,2,0
55.07,10,restaurant,home,2,0
25.45,3,online,home,4,0
1661.1,2,online,abroad,3,1
18.27,1,online,home,4,0
62.46,15,grocery,home,2,0
118.34,16,travel,abroad,4,0
22.93,20,grocery,home,4,0
28.9,12,grocery,home,4,0
31.79,5,online,home,1,0
19.66,20,restaurant,home,3,0
24.41,10,fuel,home,2,0
57.69,9,restaurant,home,2,0
110.25,8,grocery,home,3,0
7.9,11,restaurant,home,2,0
13.04,18,travel,home,1,0
28.67,11,restaurant,home,1,0
15.33,18,grocery,home,5,0
37.09,17,fuel,home,2,0
51.63,1,fuel,home,3,0
12.94,2,restaurant,home,6,0
59.57,3,fuel,abroad,7,0
40.25,21,grocery,home,6,0
47.55,9,grocery,home,3,0
22.67,7,fuel,home,3,0
11.39,21,fuel,home,7,0
90.3,21,fuel,home,5,0
3650.43,8,restaurant,home,4,1
79.51,8,online,home,4,0
47.9,19,grocery,home,2,0
74.25,0,online,home,4,0
32.05,12,grocery,home,5,0
34.09,13,fuel,home,4,0
109.12,13,grocery,home,3,0
38.73,9,grocery,home,5,0
47.46,13,online,home,2,0
51.49,13,online,home,1,0
61.21,14,restaurant,home,2,0
40.3,13,restaurant,home,4,0
27.7,16,grocery,home,4,0
15.31,14,restaurant,home,1,0
193.43,12,online,home,7,0
26.14,20,online,home,2,0
44.99,7,fuel,home,3,0
38.29,15,grocery,home,2,0
49.2,6,online,home,3,0
37.05,7,restaurant,home,2,0
13.91,18,restaurant,abroad,2,0
27.06,13,online,abroad,4,0
26.79,9,online,home,4,0
123.02,3,restaurant,home,4,0
39.37,20,grocery,home,8,0
58.39,7,restaurant,home,3,0
20.44,7,fuel,home,1,0
49.91,10,fuel,home,2,0
45.92,12,grocery,home,2,0
18.95,14,grocery,home,3,0
86.03,11,online,home,3,0
10.76,20,restaurant,home,2,0
7.27,21,grocery,home,5,0
31.65,1,online,home,1,0
28.11,14,fuel,home,2,0
62.02,23,grocery,home,1,0
33.81,10,fuel,home,4,0
16.8,11,grocery,home,2,0
45.32,17,fuel,home,4,0
57.96,0,grocery,home,3,0
48.84,12,fuel,abroad,5,0
44.04,16,grocery,home,5,0
24.41,15,fuel,home,4,0
19.97,21,grocery,home,3,0
55.34,10,grocery,home,3,0
41.87,17,grocery,home,2,0
58.08,21,grocery,home,2,0
47.46,9,restaurant,home,6,0
49.99,7,online,home,3,0
70.19,11,grocery,home,3,0
37.19,15,grocery,home,5,0
76.09,13,grocery,home,4,0
16.62,17,travel,home,3,0
64.11,7,restaurant,home,1,0
40.92,20,grocery,home,3,0
22.23,12,grocery,home,3,0
129.18,18,travel,home,2,0
49.91,11,fuel,home,3,0
23.56,17,fuel,home,3,0
42.84,11,restaurant,home,3,0
98.06,21,online,home,3,0
88.53,11,online,home,2,0
23.85,10,grocery,home,5,0
45.76,9,grocery,home,3,0
29.14,4,online,home,3,0
22.91,20,grocery,home,6,0
20.82,11,grocery,home,3,0
38.09,2,restaurant,abroad,2,0
22.26,20,fuel,home,2,0
24.17,10,online,home,4,0
42.81,10,grocery,home,2,0
49.99,20,grocery,home,4,0
68.63,14,restaurant,home,4,0
2136.32,17,online,home,2,1
116.73,10,grocery,home,1,0
15.39,13,online,home,1,0
6.24,8,grocery,home,3,0
27.82,10,grocery,home,1,0
18.3,11,grocery,home,2,0
10.34,16,online,home,3,0
21.83,20,travel,home,2,0
18.21,8,restaurant,home,3,0
29.28,10,grocery,home,4,0
29.46,18,online,home,4,0
29.24,21,grocery,abroad,3,0
46.53,10,restaurant,home,2,0
57.12,18,restaurant,home,2,0
63.08,18,grocery,home,3,0
78.37,21,grocery,home,3,0
32.97,18,grocery,home,3,0
42.16,11,online,home,5,0
81.28,8,fuel,home,4,0
57.04,17,fuel,home,1,0
33.85,9,online,home,3,0
67.73,0,online,home,4,0
78.05,7,restaurant,home,2,0
85.77,9,travel,home,2,0
96.61,23,online,home,3,0
36.04,21,online,home,4,0
27.66,19,grocery,home,3,0
4.53,8,online,home,2,0
68.75,9,fuel,home,2,0
54.18,16,grocery,home,5,0
59.27,15,grocery,home,6,0
100.72,23,fuel,home,4,0
51.71,16,grocery,home,4,0
21.6,13,grocery,home,3,0
101.73,20,online,home,2,0
49.88,21,restaurant,home,3,0
78.73,19,fuel,home,4,0
78.72,7,fuel,home,2,0
79.04,21,grocery,home,1,0
49.1,9,online,home,2,0
80.52,23,grocery,home,2,0
40.1,19,grocery,home,4,0
61.27,18,grocery,home,1,0
15.96,10,grocery,home,2,0
52.37,18,online,home,4,0
63.49,16,fuel,home,2,0
38.22,7,restaurant,home,3,0
9.24,8,restaurant,home,2,0
26.53,16,grocery,home,2,0
16.68,16,fuel,home,2,0
75.49,20,travel,home,5,0
40.85,8,restaurant,home,3,0
24.94,7,grocery,home,2,0
33.95,20,restaurant,home,3,0
20.08,17,grocery,home,4,0
13.21,11,online,home,4,0
17.14,13,grocery,home,3,0
54.41,18,travel,home,4,0
23.72,21,restaurant,home,4,0
45.7,4,fuel,home,2,0
29.69,9,grocery,home,4,0
23.11,9,restaurant,home,3,0
14.6,9,fuel,home,1,0
77.57,13,grocery,home,3,0
15.38,14,restaurant,home,5,0
30.02,18,online,abroad,5,0
123.93,16,grocery,home,1,0
39.77,10,online,home,2,0
50.5,20,online,home,4,0
41.87,20,online,abroad,4,0
50.43,15,restaurant,home,5,0
66.39,17,online,home,3,0
37.11,8,restaurant,home,2,0
72.74,9,online,home,3,0
10.49,8,online,home,1,0
30.62,22,restaurant,home,4,0
26.65,18,restaurant,home,2,0
34.33,20,restaurant,home,5,0
29.29,14,grocery,home,3,0
21.43,7,fuel,home,2,0
30.04,20,online,home,3,0
25.42,13,restaurant,home,2,0
59.29,0,grocery,home,4,0
57.47,3,online,home,5,0
29.72,15,restaurant,home,4,0
25.44,11,grocery,home,2,0
40.37,16,grocery,home,4,0
65.17,14,grocery,home,3,0
43.21,22,restaurant,home,2,0
29.85,10,online,home,1,0
44.17,7,restaurant,home,1,0
20.4,11,restaurant,home,2,0
76.52,1,online,home,3,0
22.78,11,fuel,home,2,0
73.5,10,restaurant,home,2,0
57.05,13,restaurant,home,5,0
51.44,8,grocery,home,2,0
63.74,21,online,home,2,0
16.75,8,grocery,home,4,0
90.62,11,fuel,abroad,6,0
72.02,14,restaurant,home,3,0
190.33,17,grocery,home,1,0
24.65,11,grocery,home,3,0
44.79,19,grocery,home,4,0
63.63,17,fuel,home,3,0
24.1,19,grocery,home,2,0
27.68,22,restaurant,home,1,0
52.69,18,online,home,2,0
87.96,22,restaurant,home,2,0
46.01,10,fuel,home,1,0
180.1,13,grocery,home,3,0
54.61,10,grocery,home,3,0
35.2,7,grocery,abroad,3,0
11.17,10,fuel,home,4,0
41.43,15,online,home,1,0
17.03,9,grocery,home,2,0
73.97,16,grocery,home,1,0
116.02,4,fuel,home,3,0
56.54,7,restaurant,home,3,0
36.01,20,fuel,home,2,0
23.23,5,restaurant,home,3,0
52.96,13,fuel,home,3,0
50.39,12,grocery,home,4,0
65.43,1,restaurant,home,4,0
34.33,11,grocery,home,2,0
9.85,16,restaurant,home,2,0
27.42,13,grocery,home,2,0
62.51,21,online,home,3,0
55.47,13,fuel,home,4,0
15.91,9,fuel,home,3,0
122.22,8,fuel,home,5,0
60.66,21,online,home,3,0
21.47,11,restaurant,home,2,0
46.69,19,restaurant,home,4,0
25.44,11,fuel,home,1,0
56.27,9,restaurant,home,4,0
127.31,12,online,home,3,0
94.97,11,online,home,6,0
66.87,10,grocery,home,6,0
58.84,18,online,home,3,0
93.7,5,restaurant,home,1,0
37.25,8,online,home,2,0
30.05,10,grocery,home,2,0
36.47,10,restaurant,home,3,0
26.06,17,grocery,home,1,0
42.69,7,fuel,home,3,0
23.85,13,restaurant,home,4,0
28.17,9,grocery,home,5,0
57.46,8,online,home,3,0
61.92,9,online,home,3,0
27.8,9,online,home,5,0
33.39,13,grocery,home,1,0
69.24,10,grocery,home,3,0
51.12,21,grocery,home,2,0
15.11,9,online,home,4,0
5659.69,10,grocery,home,3,1
25.42,20,grocery,home,4,0
19.34,7,grocery,home,3,0
43.56,20,online,home,6,0
130.84,13,online,home,2,0
17.73,18,restaurant,home,3,0
57.57,20,online,home,1,0
30.16,21,grocery,home,5,0
81.56,20,grocery,home,4,0
16.57,21,fuel,home,4,0
23.52,3,online,home,5,0
39.11,15,fuel,home,8,0
60.74,17,travel,home,2,0
31.27,22,grocery,home,3,0
30.13,17,grocery,home,4,0
62.26,19,restaurant,home,5,0
13.79,17,grocery,home,5,0
28.34,17,fuel,home,2,0
45.26,7,grocery,home,7,0
41.18,0,fuel,home,3,0
37.99,18,online,home,2,0
40.25,2,online,home,2,0
49.16,13,online,home,3,0
17.14,18,grocery,home,1,0
15.58,10,restaurant,home,5,0
36.0,16,fuel,home,5,0
19.02,12,travel,home,2,0
45.81,11,grocery,home,4,0
25.13,17,grocery,home,2,0
13.59,20,grocery,home,4,0
29.02,10,grocery,home,3,0
29.42,16,grocery,home,5,0
31.79,3,grocery,home,7,0
89.38,19,fuel,home,5,0
19.62,7,fuel,home,2,0
39.58,15,online,abroad,3,0
23.73,20,online,home,6,0
39.38,18,fuel,home,2,0
86.06,14,online,home,3,0
159.21,21,fuel,home,2,0
25.42,18,grocery,home,1,0
38.43,16,grocery,home,2,0
40.8,19,grocery,home,2,0
29.77,8,travel,home,3,0
28.58,18,grocery,home,3,0
7.73,7,grocery,home,2,0
33.58,3,fuel,home,4,0
88.76,20,restaurant,home,3,0
24.42,7,restaurant,home,2,0
40.28,19,fuel,home,2,0
13.92,8,restaurant,home,3,0
40.16,9,online,home,2,0
70.37,19,restaurant,home,5,0
54.78,3,restaurant,home,2,0
31.39,16,online,home,4,0
19.12,19,restaurant,home,1,0
39.93,14,fuel,home,1,0
55.37,13,online,home,4,0
28.13,14,online,home,2,0
28.49,20,travel,home,3,0
85.86,21,grocery,home,1,0
76.07,17,restaurant,home,1,0
32.52,12,grocery,home,3,0
58.01,8,fuel,home,6,0
20.91,18,grocery,home,3,0
4972.0,4,restaurant,home,2,1
22.27,17,fuel,home,4,0
14.57,19,restaurant,home,3,0
49.14,1,restaurant,home,2,0
11.96,21,grocery,home,2,0
78.48,21,grocery,home,3,0
68.37,22,online,home,7,0
26.91,21,online,abroad,4,0
34.32,21,grocery,home,3,0
61.76,15,online,home,4,0
77.88,22,fuel,home,4,0
63.18,12,online,home,4,0
50.64,17,online,abroad,2,0
12.8,19,grocery,home,4,0
49.58,7,grocery,home,3,0
36.82,23,fuel,home,2,0
25.18,17,restaurant,home,2,0
5762.69,1,restaurant,abroad,3,1
28.45,5,grocery,home,4,0
31.53,13,restaurant,home,2,0
51.72,19,grocery,home,4,0
30.63,12,grocery,home,1,0
31.58,11,grocery,home,10,0
58.51,12,grocery,home,5,0
31.63,12,grocery,home,3,0
79.82,20,restaurant,home,4,0
74.04,19,online,home,3,0
10.99,7,grocery,home,4,0
50.28,7,online,home,5,0
21.09,10,online,home,6,0
43.05,8,restaurant,home,3,0
32.96,10,online,home,7,0
62.59,21,fuel,home,3,0
54.85,10,online,home,2,0
21.66,8,fuel,home,4,0
16.68,21,online,home,6,0
35.88,3,grocery,home,3,0
103.1,14,online,home,2,0
51.18,13,fuel,home,2,0
4847.93,4,online,abroad,4,1
20.46,1,online,home,1,0
93.72,10,grocery,home,2,0
10.98,21,online,home,2,0
17.76,15,grocery,home,4,0
49.74,14,fuel,home,2,0
18.49,16,grocery,home,3,0
33.95,22,online,home,2,0
17.49,12,travel,home,4,0
77.78,10,online,home,4,0
99.85,13,restaurant,home,4,0
17.47,18,restaurant,home,5,0
13.89,18,restaurant,home,2,0
30.39,15,fuel,home,8,0
20.47,9,grocery,home,2,0
32.69,21,fuel,home,2,0
52.43,1,grocery,home,5,0
44.46,7,grocery,home,4,0
129.7,14,grocery,home,3,0
84.88,11,grocery,home,3,0
172.54,16,travel,home,2,0
89.37,10,online,home,4,0
40.76,13,fuel,home,2,0
40.45,3,grocery,home,3,0
70.81,11,grocery,home,5,0
21.94,11,grocery,home,3,0
53.1,17,travel,home,2,0
100.55,9,grocery,home,5,0
100.6,1,fuel,home,3,0
16.93,10,online,home,3,0
20.84,22,fuel,home,4,0
6.11,8,fuel,home,3,0
48.13,15,grocery,home,3,0
80.14,14,grocery,home,2,0
14.89,21,online,home,4,0
106.81,8,restaurant,home,6,0
39.96,10,online,home,4,0
20.42,0,grocery,home,5,0
25.9,7,grocery,home,3,0
16.23,21,grocery,home,4,0
21.59,17,online,home,7,0
39.67,17,online,home,4,0
23.57,16,travel,home,2,0
23.38,9,restaurant,home,5,0
19.84,18,online,abroad,1,0
36.22,12,travel,home,4,0
129.51,12,grocery,home,4,0
36.73,12,grocery,home,3,0
43.54,14,online,home,3,0
11.96,21,grocery,home,3,0
31.32,0,travel,home,3,0
12.54,8,restaurant,home,2,0
12.37,7,travel,home,5,0
62.88,18,restaurant,home,6,0
88.44,18,online,home,2,0
16.76,19,restaurant,home,3,0
53.49,18,online,home,2,0
16.37,23,grocery,home,2,0
48.04,18,grocery,home,4,0
23.11,10,grocery,home,3,0
27.4,12,fuel,home,2,0
50.64,19,grocery,home,5,0
22.33,19,online,home,4,0
28.97,4,fuel,home,4,0
32.59,4,online,home,1,0
42.53,16,grocery,home,3,0
44.54,6,online,home,4,0
67.04,18,grocery,home,1,0
2.99,13,restaurant,home,2,0
47.92,15,grocery,home,4,0
17.3,7,online,home,5,0
85.63,16,fuel,home,3,0
24.35,17,online,home,1,0
24.54,17,fuel,home,3,0
9.74,17,online,home,4,0
19.23,19,grocery,home,4,0
33.63,15,restaurant,abroad,1,0
13.93,23,online,home,1,0
24.77,17,restaurant,home,2,0
12.91,7,online,home,5,0
71.19,16,grocery,home,4,0
55.7,14,grocery,home,4,0
8.78,12,restaurant,home,4,0
46.94,20,fuel,home,3,0
16.83,6,fuel,home,5,0
73.78,21,online,home,3,0
102.92,11,online,home,4,0
48.82,7,grocery,home,2,0
118.02,11,fuel,home,3,0
53.31,10,grocery,home,5,0
43.21,13,restaurant,home,5,0
54.89,15,grocery,abroad,5,0
34.07,16,online,home,3,0
32.55,7,restaurant,home,2,0
15.27,9,grocery,home,3,0
40.47,20,fuel,home,3,0
57.21,20,fuel,home,4,0
19.49,9,grocery,home,1,0
44.1,5,grocery,home,2,0
32.6,13,online,home,2,0
26.12,9,grocery,home,2,0
75.54,18,online,home,2,0
8.29,14,grocery,home,3,0
30.34,16,fuel,home,3,0
78.17,5,online,home,5,0
87.41,12,online,home,2,0
109.64,9,fuel,home,3,0
64.87,1,restaurant,home,5,0
15.95,9,online,home,5,0
51.59,13,grocery,home,1,0
79.3,10,grocery,home,3,0
19.72,5,grocery,home,4,0
33.92,13,online,home,2,0
32.07,14,restaurant,home,5,0
55.96,21,grocery,home,3,0
21.77,13,grocery,home,2,0
17.75,13,online,home,5,0
40.4,7,online,home,4,0
29.25,7,grocery,home,3,0
59.91,19,fuel,home,5,0
25.66,12,restaurant,home,2,0
20.22,15,restaurant,home,5,0
20.8,19,grocery,home,2,0
17.37,17,grocery,home,2,0
89.99,20,fuel,home,2,0
28.68,19,fuel,home,3,0
17.84,8,restaurant,home,6,0
27.06,7,online,home,3,0
38.55,16,restaurant,home,4,0
33.05,12,grocery,home,3,0
28.56,1,restaurant,home,4,0
51.25,11,travel,home,4,0
103.14,6,fuel,home,4,0
118.34,16,grocery,home,3,0
16.93,18,restaurant,home,3,0
46.42,7,restaurant,home,4,0
39.47,1,grocery,home,3,0
53.42,19,grocery,home,3,0
95.08,10,restaurant,home,2,0
14.57,11,grocery,home,2,0
63.23,20,online,home,5,0
14.56,9,restaurant,home,1,0
50.35,18,grocery,home,3,0
35.05,7,restaurant,home,3,0
48.64,15,fuel,home,5,0
60.45,4,restaurant,home,5,0
33.6,16,restaurant,home,2,0
15.53,17,restaurant,home,3,0
20.07,17,fuel,home,4,0
46.39,14,fuel,home,1,0
58.48,10,online,home,2,0
62.83,18,restaurant,home,5,0
24.58,16,fuel,home,3,0
21.24,13,travel,home,3,0
35.38,15,online,home,3,0
68.76,11,fuel,home,4,0
24.36,17,online,home,3,0
17.89,13,online,home,2,0
20.33,9,restaurant,home,3,0
43.76,8,grocery,home,3,0
42.95,20,online,home,6,0
31.0,11,restaurant,home,4,0
44.17,17,restaurant,home,5,0
12.34,16,restaurant,home,3,0
29.81,9,grocery,home,1,0
66.48,10,travel,home,4,0
75.2,13,grocery,home,2,0
26.64,7,grocery,home,2,0
18.39,11,grocery,home,3,0
65.44,7,online,home,5,0
115.73,18,fuel,home,1,0
97.3,12,online,home,3,0
20.06,16,grocery,abroad,2,0
41.83,16,restaurant,home,4,0
20.54,14,grocery,home,4,0
40.14,16,restaurant,home,2,0
17.14,14,online,home,2,0
37.51,13,restaurant,home,5,0
95.32,22,restaurant,home,2,0
84.95,9,grocery,home,5,0
20.1,14,fuel,home,5,0
48.01,23,fuel,home,2,0
61.45,15,restaurant,home,2,0
165.09,17,online,home,5,0
46.65,14,grocery,home,4,0
20.6,2,online,home,3,0
26.17,2,fuel,home,6,0
61.37,4,online,home,2,0
87.49,1,restaurant,home,3,0
11.99,9,grocery,home,3,0
29.0,7,grocery,home,6,0
16.52,15,grocery,home,2,0
101.61,20,online,home,1,0
66.51,14,grocery,home,2,0
46.66,12,fuel,home,4,0
68.51,7,restaurant,home,3,0
113.76,18,travel,home,3,0
34.43,15,grocery,home,3,0
42.24,8,online,home,3,0
24.54,9,online,home,2,0
348.03,7,fuel,home,4,0
190.46,7,fuel,home,1,0
93.7,20,grocery,home,2,0
21.47,11,online,home,4,0
42.16,20,online,home,2,0
55.26,7,restaurant,home,3,0
44.65,21,restaurant,home,2,0
33.94,7,grocery,home,1,0
30.27,12,online,home,4,0
25.42,17,restaurant,home,2,0
33.14,10,grocery,home,2,0
62.64,19,fuel,home,2,0
69.21,16,grocery,home,3,0
104.4,7,restaurant,home,3,0
23.29,10,restaurant,home,3,0
43.45,13,fuel,home,3,0
17.52,21,online,home,2,0
17.85,8,restaurant,home,6,0
20.74,21,restaurant,home,3,0
55.35,2,restaurant,home,6,0
31.43,13,restaurant,home,3,0
12.12,11,grocery,home,4,0
67.7,17,grocery,home,1,0
133.79,5,restaurant,home,6,0
26.99,19,fuel,home,2,0
49.61,18,grocery,home,1,0
48.33,18,online,home,5,0
66.72,2,fuel,home,1,0
23.58,15,grocery,home,2,0
12.84,15,grocery,home,4,0
14.48,13,grocery,home,2,0
81.65,12,grocery,home,2,0
78.77,13,grocery,home,8,0
16.83,10,restaurant,home,2,0
13.26,0,grocery,home,1,0
48.98,1,fuel,home,2,0
20.83,18,grocery,home,2,0
32.71,12,grocery,home,2,0
69.95,10,fuel,home,4,0
30.75,14,online,home,1,0
54.63,21,online,home,4,0
16.99,9,online,home,5,0
94.39,18,fuel,home,3,0
15.13,19,online,home,4,0
37.75,14,restaurant,home,4,0
57.17,19,restaurant,home,6,0
10.97,18,fuel,home,4,0
8.25,15,fuel,home,2,0
56.5,14,online,home,3,0
26.87,16,grocery,home,4,0
144.28,9,grocery,home,4,0
16.6,9,grocery,home,1,0
35.89,17,online,home,2,0
23.56,18,restaurant,home,4,0
74.65,17,restaurant,home,1,0
161.2,12,restaurant,home,3,0
31.68,5,online,home,2,0
17.27,19,restaurant,home,4,0
64.28,8,fuel,home,2,0
42.5,6,grocery,home,2,0
34.12,13,grocery,abroad,2,0
43.12,15,restaurant,home,3,0
32.37,9,restaurant,home,2,0
43.25,4,fuel,home,4,0
95.03,12,online,home,2,0
52.19,19,fuel,home,2,0
123.97,12,grocery,home,2,0
31.58,19,online,home,3,0
217.02,8,online,home,5,0
24.64,0,grocery,home,3,0
26.84,20,fuel,home,3,0
62.96,11,restaurant,home,5,0
38.96,20,restaurant,home,6,0
38.72,14,grocery,home,3,0
37.5,12,restaurant,home,3,0
22.18,10,grocery,home,7,0
13.04,15,online,home,3,0
60.96,8,grocery,home,6,0
21.04,21,travel,home,5,0
34.42,12,fuel,home,2,0
62.48,18,restaurant,home,4,0
25.35,11,online,home,5,0
11.87,7,fuel,home,3,0
83.02,16,grocery,home,5,0
32.99,15,online,home,4,0
73.75,15,grocery,home,2,0
231.49,0,grocery,home,3,0
28.71,23,restaurant,home,3,0
104.97,13,online,home,2,0
47.13,20,fuel,home,2,0
47.51,14,restaurant,home,1,0
45.33,14,online,home,3,0
34.86,15,grocery,home,2,0
55.78,9,restaurant,home,2,0
22.53,21,online,home,2,0
115.79,7,restaurant,home,4,0
37.52,14,online,home,3,0
38.07,13,restaurant,home,2,0
16.42,19,online,home,4,0
62.91,3,grocery,home,2,0
54.3,7,online,home,2,0
36.92,19,grocery,home,2,0
21.45,17,grocery,home,2,0
2637.92,11,fuel,home,4,1
33.37,12,restaurant,home,2,0
20.3,5,online,home,4,0
37.19,21,fuel,home,4,0
68.42,9,fuel,home,4,0
37.26,7,fuel,home,1,0
36.27,14,online,home,6,0
28.78,15,grocery,home,4,0
14.73,18,fuel,abroad,2,0
67.79,9,restaurant,home,2,0
33.43,9,online,abroad,4,0
98.09,12,grocery,home,3,0
8.66,9,grocery,home,1,0
12.6,16,grocery,home,4,0
12.57,10,online,home,2,0
8.46,11,online,home,4,0
59.52,18,online,home,1,0
65.05,15,grocery,home,5,0
30.13,21,grocery,home,1,0
226.76,20,online,home,4,0
95.67,19,fuel,home,5,0
34.94,11,restaurant,home,2,0
23.07,17,grocery,home,3,0
30.42,0,grocery,home,3,0
62.88,17,restaurant,abroad,1,0
55.9,7,fuel,abroad,2,0
16.22,23,restaurant,home,2,0
47.28,9,grocery,home,2,0
25.03,23,grocery,home,2,0
71.0,19,online,home,7,0
12.68,17,grocery,home,4,0
14.87,22,online,home,1,0
40.99,15,grocery,home,4,0
53.72,15,grocery,home,1,0
85.16,23,grocery,home,2,0
23.11,22,restaurant,home,4,0
22.15,2,restaurant,home,1,0
54.9,2,grocery,home,3,0
69.98,16,restaurant,home,4,0
92.93,19,grocery,home,1,0
24.31,19,grocery,home,5,0
65.89,17,online,home,2,0
50.31,15,travel,home,3,0
9.81,13,grocery,home,3,0
71.65,10,travel,home,1,0
66.26,10,grocery,home,4,0
9.78,10,grocery,home,2,0
93.37,14,grocery,home,3,0
35.08,9,restaurant,home,2,0
27.39,19,grocery,home,2,0
44.54,11,fuel,home,3,0
26.09,23,restaurant,home,1,0
65.21,12,fuel,home,3,0
12.34,0,fuel,home,4,0
24.71,14,travel,home,6,0
9.32,17,grocery,home,3,0
53.93,17,online,home,2,0
63.97,18,grocery,home,2,0
40.11,17,restaurant,abroad,5,0
54.8,18,grocery,home,6,0
28.31,20,restaurant,home,3,0
30.61,10,grocery,home,1,0
23.69,7,restaurant,home,1,0
39.22,12,grocery,home,3,0
27.42,18,grocery,home,2,0
50.4,9,online,abroad,3,0
115.04,14,restaurant,abroad,4,0
87.21,21,restaurant,home,1,0
33.12,13,online,home,3,0
67.04,15,online,home,3,0
129.95,15,online,home,2,0
101.77,15,grocery,home,3,0
28.82,14,restaurant,home,2,0
14.58,21,restaurant,home,3,0
59.93,12,grocery,home,3,0
33.25,18,travel,home,2,0
31.54,16,restaurant,home,2,0
79.16,4,grocery,home,2,0
32.11,17,grocery,home,4,0
46.8,22,grocery,home,4,0
39.01,1,travel,home,3,0
22.45,11,online,home,2,0
51.51,13,grocery,home,2,0
19.3,9,online,home,4,0
36.38,14,online,home,2,0
46.85,14,grocery,home,2,0
18.87,8,restaurant,home,6,0
37.28,9,restaurant,home,4,0
28.86,7,restaurant,home,4,0
13.66,11,restaurant,home,4,0
52.93,15,online,home,6,0
73.21,19,online,home,3,0
41.89,14,online,home,8,0
23.65,13,fuel,home,4,0
35.92,16,grocery,home,2,0
27.35,8,restaurant,home,2,0
64.62,7,grocery,home,2,0
41.33,20,grocery,home,6,0
39.28,12,grocery,home,2,0
49.56,11,fuel,home,2,0
54.09,20,grocery,home,3,0
29.07,12,grocery,home,7,0
91.15,7,fuel,home,3,0
45.16,18,online,home,3,0
58.7,8,restaurant,home,2,0
17.18,19,online,home,1,0
19.47,11,fuel,home,2,0
12.58,18,grocery,home,2,0
1630.03,3,online,abroad,3,1
44.15,19,restaurant,home,1,0
107.43,9,fuel,home,4,0
50.62,7,online,home,4,0
62.87,12,online,home,6,0
31.94,20,online,home,2,0
29.54,13,grocery,home,2,0
24.17,7,restaurant,home,2,0
14.23,13,grocery,home,1,0
36.86,11,grocery,home,2,0
43.96,15,online,home,4,0
106.14,20,grocery,home,4,0
118.85,12,online,home,2,0
15.4,8,fuel,home,4,0
72.42,16,fuel,home,2,0
29.95,20,online,home,1,0
45.93,9,online,abroad,3,0
26.55,15,fuel,home,6,0
13.57,16,grocery,home,2,0
17.02,11,restaurant,home,3,0
87.88,6,online,home,3,0
69.41,4,restaurant,home,3,0
97.51,10,grocery,home,3,0
67.73,14,fuel,home,3,0
15.43,16,online,abroad,2,0
20.11,16,travel,home,3,0
16.75,21,restaurant,home,1,0
30.47,20,grocery,home,3,0
8.11,10,restaurant,home,4,0
36.75,16,online,home,2,0
25.56,12,restaurant,home,5,0
82.49,20,fuel,home,2,0
14.19,14,fuel,home,3,0
95.48,19,grocery,abroad,4,0
26.78,21,online,home,2,0
30.39,15,online,home,4,0
25.29,8,grocery,home,9,0
44.23,13,restaurant,home,2,0
40.41,0,travel,home,4,0
171.4,20,grocery,home,2,0
9.69,11,grocery,home,4,0
28.22,16,online,home,3,0
42.29,12,grocery,home,1,0
54.86,9,travel,home,3,0
50.08,13,grocery,home,4,0
29.62,1,grocery,home,2,0
54.42,8,grocery,home,3,0
90.65,12,grocery,home,7,0
26.34,19,fuel,home,5,0
51.59,19,grocery,home,6,0
21.32,7,grocery,home,2,0
57.15,11,grocery,abroad,5,0
16.78,15,online,home,3,0
73.48,13,online,home,2,0
9.4,17,online,home,3,0
18.75,21,grocery,home,1,0
124.27,17,grocery,home,3,0
35.59,16,fuel,abroad,2,0
28.16,3,restaurant,home,2,0
101.44,13,restaurant,home,3,0
109.35,13,restaurant,home,5,0
43.9,18,restaurant,home,5,0
21.14,1,restaurant,home,3,0
31.36,20,grocery,home,2,0
15.6,20,fuel,home,1,0
42.22,13,grocery,home,2,0
38.57,9,restaurant,home,5,0
62.61,20,grocery,home,4,0
57.21,19,grocery,home,1,0
51.0,11,online,home,5,0
63.95,22,grocery,home,3,0
57.79,11,online,home,1,0
63.93,16,fuel,home,3,0
15.34,21,restaurant,home,5,0
74.6,8,restaurant,home,3,0
11.66,13,online,home,4,0
69.41,11,fuel,home,1,0
173.45,7,fuel,home,4,0
39.33,14,restaurant,home,4,0
73.41,2,grocery,home,4,0
29.94,21,online,home,1,0
51.71,12,grocery,home,2,0
49.14,3,restaurant,home,4,0
21.07,16,grocery,home,2,0
9.95,16,online,home,3,0
85.1,21,restaurant,home,3,0
60.5,21,travel,home,1,0
25.08,15,online,home,5,0
138.91,15,grocery,home,4,0
29.05,22,grocery,home,2,0
5.1,5,online,home,4,0
84.81,20,grocery,home,3,0
34.82,17,grocery,home,4,0
24.51,21,online,home,5,0
17.3,16,restaurant,home,1,0
33.26,17,fuel,home,2,0
39.29,15,online,home,7,0
26.13,14,grocery,abroad,2,0
15.81,10,online,home,3,0
91.56,17,online,home,2,0
7.21,17,online,home,1,0
51.51,8,grocery,home,2,0
57.25,10,fuel,home,2,0
35.96,12,fuel,home,1,0
13.74,16,online,home,5,0
29.3,18,fuel,home,4,0
79.42,13,grocery,home,3,0
33.45,7,grocery,home,2,0
30.98,19,grocery,home,5,0
62.56,14,online,home,4,0
29.59,9,online,home,3,0
27.12,17,grocery,home,3,0
7.45,10,restaurant,home,1,0
37.89,15,grocery,home,6,0
33.38,20,grocery,home,4,0
22.42,15,fuel,home,3,0
26.08,19,restaurant,abroad,4,0
4.97,20,online,home,3,0
26.56,10,grocery,home,3,0
36.73,15,restaurant,home,3,0
12.89,15,grocery,home,2,0
51.77,15,grocery,home,4,0
308.0,21,grocery,home,5,0
182.01,9,grocery,home,1,0
39.47,23,restaurant,home,2,0
17.52,10,grocery,abroad,1,0
82.94,7,grocery,home,2,0
19.11,21,grocery,home,4,0
23.28,9,fuel,home,4,0
21.3,18,grocery,home,3,0
12.91,14,restaurant,home,4,0
56.95,17,grocery,home,2,0
20.44,0,restaurant,home,5,0
60.16,7,restaurant,home,2,0
108.53,8,online,abroad,2,0
11.95,9,restaurant,home,3,0
38.53,3,restaurant,home,2,0
35.68,14,grocery,home,2,0
49.2,18,restaurant,home,4,0
51.36,14,grocery,home,3,0
23.11,21,online,home,4,0
81.93,16,restaurant,home,8,0
81.54,20,fuel,home,4,0
68.82,14,restaurant,home,2,0
14.91,14,fuel,home,4,0
3.67,10,grocery,abroad,3,0
57.01,22,fuel,home,3,0
54.25,11,online,home,4,0
80.23,7,online,home,6,0
126.32,8,fuel,home,3,0
43.58,17,online,home,3,0
32.23,13,fuel,home,3,0
42.78,9,grocery,home,4,0
185.29,3,travel,home,3,0
37.52,18,restaurant,home,3,0
119.38,11,grocery,home,1,0
142.91,20,grocery,home,3,0
20.96,9,online,abroad,2,0
55.3,14,restaurant,home,2,0
33.78,8,online,home,1,0
16.96,12,restaurant,home,2,0
103.52,8,fuel,home,3,0
43.79,7,restaurant,home,3,0
61.8,13,online,home,4,0
14.46,10,online,home,4,0
28.33,15,restaurant,home,4,0
67.04,7,online,home,5,0
87.17,22,grocery,home,4,0
67.7,4,online,home,6,0
88.59,18,online,abroad,4,0
79.77,14,restaurant,home,3,0
51.24,13,grocery,home,3,0
40.28,16,restaurant,home,2,0
44.74,21,grocery,home,2,0
71.38,15,fuel,home,3,0
37.89,11,grocery,home,2,0
18.8,17,fuel,home,3,0
62.29,17,fuel,home,5,0
47.52,16,online,home,5,0
7.32,18,grocery,home,3,0
18.66,9,restaurant,abroad,5,0
57.39,13,restaurant,home,1,0
22.69,17,fuel,home,3,0
64.71,9,grocery,abroad,1,0
80.37,13,online,home,2,0
39.94,10,restaurant,home,1,0
82.81,20,travel,home,1,0
32.76,9,online,home,2,0
59.13,11,grocery,home,3,0
51.05,2,restaurant,home,3,0
52.6,9,fuel,home,2,0
27.32,21,grocery,home,4,0
19.11,9,grocery,abroad,3,0
64.03,21,online,home,3,0
93.72,9,grocery,home,3,0
26.37,9,restaurant,home,2,0
12.86,8,grocery,home,2,0
21.37,16,restaurant,home,3,0
25.33,8,online,home,3,0
43.8,7,grocery,home,5,0
49.18,13,restaurant,home,4,0
80.97,9,grocery,home,2,0
47.8,23,fuel,home,4,0
64.37,19,online,home,1,0
110.02,14,online,home,3,0
74.63,12,restaurant,home,2,0
29.42,12,travel,home,3,0
36.31,16,restaurant,home,3,0
29.78,12,grocery,abroad,2,0
16.64,15,grocery,home,1,0
40.59,7,restaurant,home,4,0
99.73,17,online,home,2,0
27.75,11,grocery,home,1,0
9.37,14,online,home,3,0
15.47,12,fuel,abroad,2,0
34.7,7,restaurant,home,2,0
53.61,4,grocery,home,2,0
21.14,11,fuel,home,2,0
21.87,12,restaurant,home,5,0
18.6,10,fuel,home,2,0
13.18,15,online,home,3,0
96.9,21,restaurant,home,3,0
14.32,19,restaurant,home,4,0
34.91,14,online,home,2,0
132.93,8,grocery,home,2,0
32.57,13,restaurant,home,2,0
10.05,5,online,home,2,0
20.13,16,online,home,7,0
55.97,17,grocery,home,2,0
96.11,14,restaurant,home,4,0
31.83,11,fuel,home,3,0
30.25,9,fuel,home,2,0
21.99,18,grocery,home,4,0
45.35,18,fuel,home,2,0
37.91,8,restaurant,home,3,0
47.51,8,travel,home,3,0
42.96,11,restaurant,home,2,0
83.11,16,travel,home,4,0
91.79,16,grocery,home,4,0
38.3,9,restaurant,home,6,0
75.24,9,online,home,2,0
9.88,17,online,home,4,0
27.66,11,grocery,home,1,0
27.79,9,online,home,6,0
17.85,17,fuel,home,3,0
142.82,21,restaurant,home,1,0
18.42,13,restaurant,home,4,0
156.49,12,grocery,home,5,0
58.91,21,grocery,home,6,0
36.15,7,travel,home,2,0
16.2,20,grocery,home,2,0
27.34,19,grocery,home,2,0
24.33,18,fuel,home,3,0
9.04,16,fuel,home,2,0
44.87,15,restaurant,home,1,0
67.34,20,restaurant,home,1,0
37.34,2,restaurant,home,2,0
37.46,13,grocery,home,3,0
59.18,9,fuel,home,3,0
28.16,13,fuel,home,2,0
28.4,21,online,home,2,0
17.44,11,online,home,3,0
24.69,9,fuel,home,2,0
30.78,3,restaurant,home,3,0
79.04,13,grocery,home,6,0
50.48,17,restaurant,home,4,0
42.84,11,fuel,home,3,0
11.76,13,online,home,4,0
55.58,17,online,home,2,0
20.53,16,online,home,4,0
55.56,9,online,home,4,0
61.53,11,restaurant,home,4,0
73.59,16,online,abroad,3,0
114.27,2,fuel,home,4,0
64.82,11,grocery,home,3,0
48.34,8,grocery,home,5,0
54.28,11,grocery,home,6,0
22.09,11,online,home,2,0
26.76,17,fuel,home,5,0
35.61,6,grocery,home,2,0
68.55,12,online,home,3,0
66.21,9,fuel,home,3,0
25.34,7,grocery,home,1,0
38.41,14,grocery,home,5,0
74.98,12,restaurant,home,2,0
120.64,8,grocery,home,2,0
179.68,18,grocery,home,4,0
14.32,19,grocery,home,4,0
60.76,11,online,home,2,0
20.5,20,fuel,home,3,0
53.29,16,restaurant,home,3,0
24.59,9,travel,home,1,0
43.89,20,online,home,4,0
34.71,6,travel,home,2,0
79.29,10,grocery,home,3,0
36.0,7,grocery,home,3,0
24.63,9,fuel,home,1,0
67.86,9,grocery,home,3,0
21.6,16,grocery,home,4,0
66.89,21,grocery,home,1,0
35.29,15,online,home,3,0
70.39,17,restaurant,home,1,0
33.01,9,travel,home,4,0
37.65,11,restaurant,home,3,0
32.09,16,restaurant,home,2,0
34.93,12,online,abroad,3,0
45.78,7,grocery,home,4,0
35.99,8,grocery,home,2,0
23.66,19,restaurant,home,2,0
25.5,14,fuel,home,4,0
25.01,12,online,home,2,0
18.81,18,online,home,2,0
48.4,20,grocery,home,1,0
4.7,12,fuel,home,3,0
83.42,17,grocery,home,2,0
37.93,18,online,home,2,0
83.23,8,restaurant,home,2,0
73.66,7,grocery,home,3,0
78.87,13,online,home,8,0
42.87,8,restaurant,home,2,0
43.87,15,grocery,home,1,0
151.33,13,online,home,2,0
65.42,13,restaurant,home,3,0
72.62,11,grocery,home,4,0
31.19,11,restaurant,home,3,0
33.69,14,grocery,home,5,0
114.87,7,fuel,home,5,0
28.39,11,online,home,3,0
49.55,15,fuel,home,1,0
24.45,12,grocery,home,5,0
44.91,9,grocery,home,6,0
55.81,0,grocery,home,3,0
47.25,20,grocery,abroad,2,0
130.41,14,travel,home,1,0
77.07,14,travel,home,4,0
49.93,12,restaurant,home,2,0
35.24,19,grocery,home,3,0
56.52,10,online,home,4,0
64.51,21,grocery,home,4,0
27.44,8,grocery,home,1,0
27.38,15,grocery,home,1,0
16.18,16,restaurant,home,6,0
34.76,0,restaurant,home,4,0
48.9,12,restaurant,home,2,0
31.86,7,online,home,2,0
15.75,20,grocery,home,3,0
38.35,11,online,home,2,0
46.81,15,grocery,home,3,0
26.41,18,online,home,1,0
112.93,8,restaurant,home,3,0
19.31,11,fuel,abroad,1,0
16.82,13,fuel,home,3,0
18.8,21,grocery,home,7,0
23.75,19,online,home,4,0
22.35,10,grocery,home,6,0
61.26,19,fuel,home,3,0
41.69,7,restaurant,home,1,0
33.85,19,grocery,home,5,0
63.09,17,online,home,2,0
10.56,7,grocery,home,4,0
81.5,1,grocery,home,4,0
69.48,12,grocery,home,6,0
18.02,15,grocery,home,2,0
28.62,14,online,home,2,0
48.39,14,grocery,home,2,0
31.04,21,online,home,2,0
103.73,9,grocery,home,3,0
32.59,10,grocery,home,4,0
28.21,20,travel,home,3,0
40.98,7,fuel,home,2,0
25.55,13,online,home,2,0
42.24,12,grocery,home,3,0
145.69,9,fuel,home,3,0
23.97,21,online,home,3,0
98.46,0,restaurant,home,3,0
71.37,14,grocery,home,4,0
16.22,16,restaurant,home,2,0
71.01,4,online,home,4,0
37.36,19,online,home,1,0
35.14,0,grocery,home,3,0
19.81,17,grocery,home,3,0
119.02,0,travel,home,3,0
69.43,19,online,home,5,0
68.43,15,grocery,home,4,0
15.99,19,grocery,home,1,0
16.77,21,fuel,home,4,0
16.74,20,online,home,4,0
48.72,19,grocery,home,3,0
41.04,9,grocery,home,1,0
60.94,7,travel,home,1,0
102.72,19,grocery,home,3,0
57.12,7,online,home,4,0
67.57,19,fuel,home,4,0
23.2,21,grocery,home,3,0
19.41,9,online,home,6,0
58.74,12,online,home,2,0
18.5,14,online,home,3,0
11.15,8,restaurant,home,3,0
45.99,9,grocery,home,1,0
108.16,9,online,home,2,0
72.15,8,restaurant,home,3,0
48.76,21,restaurant,home,3,0
38.18,6,fuel,home,2,0
23.98,15,grocery,home,6,0
18.77,21,online,abroad,4,0
20.6,12,grocery,abroad,2,0
47.46,21,travel,home,4,0
78.63,12,grocery,home,8,0
28.65,17,online,home,1,0
67.61,8,grocery,home,3,0
83.41,16,grocery,home,7,0
4526.38,1,online,abroad,4,1
29.76,11,online,home,4,0
7.99,13,grocery,home,1,0
34.29,14,online,home,5,0
28.56,10,restaurant,home,4,0
60.76,9,online,home,2,0
68.41,11,grocery,home,5,0
46.37,15,online,home,2,0
26.29,14,online,home,4,0
91.34,21,fuel,home,1,0
63.06,13,restaurant,home,1,0
146.14,21,online,home,6,0
115.12,19,grocery,home,5,0
40.11,5,grocery,home,1,0
17.89,21,online,home,7,0
5.71,17,restaurant,home,3,0
30.45,21,online,home,2,0
52.58,4,grocery,home,1,0
13.6,8,fuel,home,4,0
45.65,10,online,home,2,0
85.26,13,grocery,home,4,0
90.28,12,travel,home,6,0
34.91,21,online,home,2,0
91.9,16,grocery,home,4,0
128.85,8,travel,home,2,0
24.76,4,online,home,2,0
85.84,11,fuel,home,3,0
28.56,12,online,home,6,0
55.83,17,grocery,home,3,0
75.28,20,fuel,home,4,0
29.69,0,grocery,home,2,0
75.32,18,restaurant,home,5,0
91.92,9,online,home,2,0
141.0,21,restaurant,home,1,0
34.69,12,online,home,3,0
37.12,7,grocery,home,4,0
35.83,9,online,home,2,0
79.2,21,restaurant,home,5,0
34.05,8,grocery,home,5,0
57.42,10,grocery,home,4,0
38.95,11,grocery,home,4,0
78.52,7,grocery,home,3,0
27.79,11,online,home,3,0
37.04,11,online,home,4,0
21.5,18,online,home,3,0
22.1,14,grocery,home,3,0
44.78,13,grocery,home,2,0
9.72,10,online,home,7,0
53.59,15,online,home,4,0
19.62,13,online,home,1,0
65.64,17,grocery,home,4,0
58.63,13,grocery,home,3,0
56.36,17,online,home,2,0
26.68,21,online,home,4,0
95.56,21,restaurant,home,4,0
37.49,21,online,home,6,0
125.34,8,online,home,6,0
53.24,8,travel,home,5,0
24.27,21,fuel,home,4,0
11.0,9,online,home,5,0
101.5,12,restaurant,home,4,0
28.68,22,online,home,2,0
55.28,22,grocery,home,4,0
74.47,3,grocery,home,2,0
32.45,10,restaurant,home,2,0
124.81,16,restaurant,home,3,0
18.61,18,travel,home,4,0
27.74,12,online,home,3,0
24.86,18,fuel,home,6,0
21.21,13,grocery,home,3,0
10.09,20,online,home,1,0
26.86,2,online,home,4,0
