member_id,age,annual_spend,visits_per_month,preferred_channel
5000,39.0,3408.95,6,web
5001,49.0,3463.05,3,store
5002,38.0,1874.34,39,web
5003,40.0,2832.25,6,web
5004,31.0,872.47,19,app
5005,18.0,995.13,13,app
5006,44.0,3104.74,6,store
5007,32.0,1986.6,28,store
5008,32.0,918.79,13,app
5009,19.0,932.95,15,web
5010,46.0,3133.3,2,store
5011,59.0,2846.16,4,store
5012,25.0,850.86,23,web
5013,40.0,1995.71,25,store
5014,27.0,847.15,9,app
5015,37.0,792.4,12,web
5016,28.0,889.56,11,web
5017,45.0,3399.75,7,web
5018,45.0,3413.1,1,store
5019,43.0,2020.66,31,web
5020,28.0,838.0,15,app
5021,38.0,1934.3,40,web
5022,16.0,817.36,11,app
5023,50.0,3372.64,4,web
5024,48.0,2775.96,0,store
5025,42.0,1703.19,32,web
5026,43.0,3202.67,2,store
5027,20.0,860.66,15,app
5028,28.0,810.26,11,web
5029,25.0,977.63,17,app
5030,42.0,3290.81,5,web
5031,37.0,3634.51,2,app
5032,36.0,902.14,12,web
5033,24.0,1023.61,11,app
5034,28.0,905.78,13,web
5035,51.0,3300.88,4,web
5036,31.0,923.2,14,web
5037,56.0,3380.64,3,web
5038,37.0,1907.88,31,web
5039,48.0,3028.98,2,store
5040,52.0,3056.95,5,store
5041,30.0,955.37,10,web
5042,58.0,3081.12,2,web
5043,32.0,955.9,13,app
5044,34.0,804.01,16,app
5045,47.0,3148.48,4,store
5046,19.0,969.69,12,app
5047,53.0,2673.67,3,store
5048,28.0,917.76,17,app
5049,45.0,3620.93,2,store
5050,48.0,3083.04,4,store
5051,33.0,927.17,9,app
5052,24.0,852.89,10,app
5053,31.0,2164.64,25,web
5054,45.0,2078.55,44,web
5055,36.0,1975.78,24,store
5056,46.0,2088.22,35,app
5057,32.0,897.31,10,web
5058,25.0,970.04,10,web
5059,55.0,2982.81,4,app
5060,34.0,2176.38,33,web
5061,44.0,1991.18,31,web
5062,31.0,879.61,19,app
5063,21.0,1066.28,8,app
5064,25.0,960.62,15,web
5065,38.0,1836.85,22,web
5066,17.0,876.21,16,app
5067,45.0,3114.82,1,store
5068,39.0,2012.41,31,web
5069,57.0,3154.53,3,store
5070,48.0,2981.03,0,app
5071,42.0,2063.82,33,web
5072,24.0,948.11,11,app
5073,51.0,3386.83,5,app
5074,53.0,2678.19,1,store
5075,28.0,899.73,16,web
5076,40.0,3267.66,2,store
5077,23.0,909.25,11,app
5078,45.0,2065.45,32,web
5079,46.0,3393.99,2,web
5080,21.0,983.01,13,app
5081,26.0,938.0,14,app
5082,35.0,2059.32,35,web
5083,35.0,2063.2,27,web
5084,46.0,3722.19,1,store
5085,33.0,2069.03,22,app
5086,21.0,864.33,12,web
5087,41.0,2909.37,3,store
5088,28.0,858.24,8,app
5089,23.0,1017.16,18,app
5090,42.0,1648.81,18,web
5091,34.0,922.83,10,app
5092,29.0,1952.57,36,app
5093,24.0,876.97,16,app
5094,26.0,859.21,12,web
5095,40.0,3186.09,4,web
5096,16.0,954.26,11,app
5097,31.0,921.95,15,web
5098,44.0,3072.47,4,app
5099,37.0,2106.06,39,web
5100,41.0,1606.35,38,store
5101,53.0,3826.19,2,store
5102,28.0,931.16,15,app
5103,41.0,2051.29,34,web
5104,23.0,751.15,10,app
5105,43.0,3560.23,2,store
5106,40.0,824.88,19,web
5107,26.0,972.17,15,web
5108,52.0,4036.93,1,web
5109,28.0,939.82,11,app
5110,24.0,930.41,9,web
5111,29.0,921.19,13,app
5112,46.0,2917.0,3,store
5113,43.0,1795.56,32,store
5114,30.0,839.03,14,app
5115,28.0,900.82,13,app
5116,23.0,990.24,16,app
5117,29.0,939.61,17,app
5118,27.0,885.0,10,app
5119,18.0,951.28,7,app
5120,30.0,974.75,19,web
5121,36.0,1776.43,34,web
5122,53.0,2767.25,5,store
5123,42.0,2182.5,30,web
5124,29.0,912.1,12,app
5125,25.0,973.09,8,web
5126,25.0,927.11,12,app
5127,34.0,829.68,14,web
5128,49.0,2982.19,2,web
5129,51.0,3376.22,1,web
5130,34.0,1785.2,24,web
5131,46.0,3493.52,6,store
5132,53.0,3347.25,4,store
5133,61.0,3387.59,6,web
5134,42.0,3182.16,7,web
5135,41.0,2139.28,35,app
5136,24.0,1054.48,13,app
5137,48.0,3239.6,0,web
5138,20.0,1028.51,9,web
5139,31.0,873.8,3,app
5140,46.0,3428.14,2,store
5141,27.0,817.16,11,web
5142,23.0,771.61,9,web
5143,49.0,3967.25,6,store
5144,24.0,881.37,10,web
5145,45.0,1970.14,22,web
5146,32.0,761.27,7,web
5147,31.0,915.95,14,app
5148,47.0,3415.08,4,web
5149,48.0,2998.52,2,store
5150,37.0,1732.15,35,web
5151,30.0,883.43,14,web
5152,44.0,3222.87,1,store
5153,24.0,972.25,15,web
5154,30.0,742.88,11,app
5155,53.0,2932.49,0,web
5156,39.0,2786.09,1,store
5157,34.0,844.2,13,web
5158,19.0,853.39,9,app
5159,36.0,1557.64,29,web
5160,32.0,1952.5,41,app
5161,31.0,810.78,10,app
5162,50.0,3038.86,4,web
5163,24.0,843.96,12,store
5164,50.0,3385.45,1,web
5165,25.0,909.5,14,app
5166,51.0,2911.24,2,store
5167,29.0,838.45,15,app
5168,43.0,1851.49,33,web
5169,45.0,3325.42,0,store
5170,23.0,850.76,11,app
5171,35.0,872.1,18,app
5172,22.0,768.42,9,app
5173,50.0,3115.43,0,web
5174,26.0,978.1,7,app
5175,39.0,2037.53,34,app
5176,32.0,1992.21,40,web
5177,37.0,1832.49,35,web
5178,37.0,881.39,12,app
5179,46.0,3470.92,4,store
5180,26.0,778.96,11,app
5181,41.0,2971.83,6,store
5182,56.0,2963.29,3,web
5183,53.0,3164.38,2,store
5184,48.0,2809.98,2,store
5185,24.0,868.97,10,store
5186,21.0,823.24,11,app
5187,30.0,714.01,14,app
5188,47.0,2183.98,37,web
5189,20.0,849.92,12,store
5190,46.0,2988.12,4,web
5191,28.0,938.64,12,app
5192,22.0,734.12,18,app
5193,25.0,851.21,9,app
5194,52.0,3585.65,3,store
5195,39.0,1924.81,44,web
5196,27.0,863.65,12,app
5197,25.0,830.11,11,app
5198,37.0,1765.89,31,web
5199,47.0,3453.42,1,web
5200,44.0,1781.65,34,app
5201,18.0,920.33,12,store
5202,44.0,2765.28,4,store
5203,35.0,1909.56,33,app
5204,42.0,3222.36,1,web
5205,24.0,807.16,12,app
5206,46.0,2067.41,28,web
5207,44.0,3431.28,2,store
5208,28.0,1755.77,36,web
5209,43.0,3291.5,1,web
5210,51.0,3318.25,3,web
5211,52.0,3075.23,8,store
5212,45.0,3212.47,5,store
5213,28.0,814.89,11,app
5214,32.0,2047.71,26,web
5215,24.0,838.93,5,app
5216,50.0,2959.34,4,web
5217,18.0,968.52,15,app
5218,31.0,3197.17,2,store
5219,25.0,962.18,11,web
5220,42.0,3799.36,7,web
5221,24.0,977.82,10,web
5222,38.0,2156.44,29,app
5223,40.0,1843.18,34,store
5224,47.0,3036.1,4,web
5225,33.0,820.38,10,app
5226,30.0,898.29,15,app
5227,46.0,3710.19,3,store
5228,47.0,3401.23,0,store
5229,47.0,3328.28,3,web
5230,26.0,829.83,10,web
5231,27.0,933.47,14,web
5232,37.0,1890.02,36,store
5233,49.0,3455.14,1,web
5234,50.0,3307.97,2,app
5235,19.0,927.92,14,app
5236,29.0,1897.12,21,web
5237,39.0,3218.05,7,store
5238,40.0,3139.85,1,app
5239,22.0,771.1,15,app
5240,24.0,778.03,9,web
5241,22.0,1063.06,11,app
5242,36.0,1881.18,31,web
5243,37.0,2019.46,31,web
5244,29.0,775.14,11,app
5245,57.0,3491.44,6,store
5246,48.0,3259.64,1,web
5247,40.0,2074.12,38,web
5248,31.0,1700.83,20,web
5249,51.0,3458.53,6,web
5250,33.0,1964.17,34,web
5251,52.0,3167.31,4,store
5252,33.0,902.88,14,app
5253,27.0,699.71,11,app
5254,55.0,2638.58,2,store
5255,52.0,3497.03,5,web
5256,21.0,863.06,15,app
5257,31.0,876.77,13,app
5258,44.0,3214.97,3,store
5259,33.0,858.88,10,web
5260,21.0,751.19,8,app
5261,40.0,1990.56,30,web
5262,40.0,3419.18,4,store
5263,42.0,3237.53,2,web
5264,23.0,963.52,17,app
5265,50.0,3082.1,4,store
5266,24.0,929.85,10,app
5267,26.0,880.62,13,web
5268,29.0,972.09,9,app
5269,22.0,1096.68,15,app
5270,47.0,3094.45,3,store
5271,40.0,2702.36,4,store
5272,32.0,905.87,13,app
5273,15.0,752.89,15,app
5274,19.0,984.11,12,web
5275,40.0,1673.73,29,app
5276,51.0,3783.11,3,store
5277,28.0,984.04,13,app
5278,46.0,3679.85,6,web
5279,33.0,1502.52,29,web
5280,35.0,1589.13,35,web
5281,31.0,907.98,18,app
5282,43.0,3110.31,1,web
5283,23.0,865.19,14,app
5284,47.0,3463.85,4,web
5285,38.0,1886.58,31,web
5286,20.0,772.99,9,app
5287,52.0,3795.67,0,app
5288,28.0,990.03,14,app
5289,9.0,839.72,13,store
5290,47.0,3195.9,4,store
5291,24.0,823.69,10,app
5292,25.0,943.37,12,web
5293,26.0,958.86,13,app
5294,45.0,3504.21,6,web
5295,19.0,1037.88,10,app
5296,45.0,3512.62,1,store
5297,40.0,3478.5,3,web
5298,38.0,1828.95,29,store
5299,26.0,959.48,10,web
5300,50.0,3921.68,1,web
5301,39.0,2093.28,33,web
5302,29.0,903.7,5,web
5303,44.0,1814.95,31,web
5304,27.0,894.37,13,store
5305,41.0,2963.75,4,web
5306,37.0,1744.34,36,web
5307,46.0,3096.35,5,app
5308,19.0,955.9,13,web
5309,32.0,1683.04,31,web
5310,39.0,2845.7,2,store
5311,51.0,2985.94,3,web
5312,22.0,1187.97,10,app
5313,51.0,3470.85,2,web
5314,37.0,765.33,9,app
5315,32.0,2157.95,30,web
5316,36.0,2081.5,39,web
5317,25.0,920.01,12,app
5318,28.0,869.72,15,app
5319,20.0,971.75,11,app
5320,52.0,3110.43,6,app
5321,21.0,908.07,12,web
5322,40.0,3378.35,5,web
5323,28.0,891.18,13,web
5324,24.0,998.53,9,web
5325,25.0,982.02,10,web
5326,39.0,1713.13,37,web
5327,30.0,1064.11,21,web
5328,27.0,918.63,13,app
5329,46.0,3163.24,2,app
5330,47.0,3184.14,4,store
5331,22.0,951.59,8,app
5332,30.0,1728.08,27,app
5333,27.0,968.43,15,app
5334,54.0,3441.28,6,store
5335,28.0,1626.37,22,web
5336,50.0,3044.55,2,store
5337,23.0,896.51,12,app
5338,19.0,921.54,10,app
5339,21.0,985.56,10,store
5340,51.0,2930.87,2,web
5341,57.0,3461.99,1,app
5342,48.0,3448.52,1,store
5343,47.0,2961.23,5,store
5344,30.0,897.17,16,web
5345,43.0,3249.88,3,app
5346,25.0,983.83,13,web
5347,22.0,879.87,10,app
5348,35.0,1901.14,38,web
5349,31.0,1002.59,15,app
5350,30.0,905.19,8,app
5351,38.0,1733.58,29,web
5352,44.0,3471.37,2,web
5353,27.0,814.64,17,app
5354,46.0,3496.25,2,web
5355,30.0,871.74,14,web
5356,24.0,951.15,20,web
5357,35.0,1905.59,25,web
5358,40.0,1751.73,31,store
5359,48.0,3844.57,2,store
5360,34.0,1691.06,33,app
5361,50.0,3464.71,4,store
5362,38.0,1705.64,26,web
5363,49.0,2802.34,1,web
5364,30.0,1093.46,13,app
5365,41.0,2331.14,30,app
5366,40.0,1999.72,35,web
5367,26.0,1031.05,10,app
5368,44.0,2158.26,35,app
5369,50.0,2805.52,4,web
5370,41.0,3374.64,3,store
5371,24.0,949.65,14,app
5372,33.0,756.09,17,app
5373,42.0,3081.06,4,store
5374,35.0,1987.77,28,app
5375,45.0,2704.16,1,web
5376,30.0,929.64,10,app
5377,23.0,900.91,8,app
5378,33.0,1514.59,41,web
5379,38.0,1776.04,38,web
5380,31.0,857.02,8,app
5381,34.0,901.25,10,app
5382,43.0,3421.42,2,store
5383,24.0,715.37,9,web
5384,45.0,3515.62,4,store
5385,28.0,943.76,15,web
5386,42.0,2079.76,30,web
5387,26.0,702.87,17,app
5388,53.0,3531.31,1,web
5389,34.0,1113.1,8,app
5390,29.0,875.27,17,app
5391,49.0,3476.58,3,web
5392,29.0,882.01,8,app
5393,25.0,708.18,17,app
5394,22.0,717.3,12,web
5395,35.0,945.5,11,app
5396,21.0,863.41,13,app
5397,24.0,818.67,16,app
5398,26.0,805.51,9,app
5399,27.0,974.11,5,web
5400,29.0,897.04,9,app
5401,44.0,3232.75,2,store
5402,21.0,933.34,10,web
5403,27.0,720.71,8,app
5404,42.0,3099.08,1,web
5405,39.0,2028.37,21,web
5406,18.0,765.56,11,app
5407,24.0,890.01,16,app
5408,43.0,1825.43,27,store
5409,33.0,1337.1,37,app
5410,46.0,3668.91,5,web
5411,33.0,941.88,18,app
5412,28.0,1015.58,12,app
5413,42.0,1883.27,26,app
5414,28.0,821.14,10,app
5415,30.0,1057.78,15,app
5416,39.0,3883.67,3,store
5417,23.0,731.44,10,web
5418,46.0,3434.87,1,store
5419,48.0,2834.06,4,store
5420,39.0,1695.1,33,web
5421,54.0,3286.71,3,web
5422,49.0,2874.36,5,store
5423,45.0,3280.47,3,store
5424,28.0,1002.65,13,web
5425,54.0,2925.39,1,store
5426,35.0,1873.68,19,web
5427,49.0,2908.88,1,store
5428,26.0,898.4,27,app
5429,49.0,3420.48,1,app
5430,45.0,3323.99,2,store
5431,36.0,1931.91,35,store
5432,35.0,946.23,7,app
5433,24.0,672.47,15,app
5434,38.0,2043.58,29,store
5435,46.0,2610.4,2,store
5436,31.0,1091.29,11,app
5437,24.0,878.32,5,app
5438,32.0,1633.07,33,app
5439,44.0,3518.87,5,store
5440,43.0,3439.31,2,web
5441,41.0,3752.81,2,store
5442,20.0,780.8,12,app
5443,27.0,933.98,17,web
5444,28.0,892.27,9,app
5445,46.0,3437.06,6,store
5446,56.0,3660.37,3,web
5447,27.0,1056.73,12,app
5448,26.0,815.5,16,app
5449,30.0,902.51,8,app
5450,44.0,2705.14,7,store
5451,22.0,1065.88,11,app
5452,32.0,895.84,14,store
5453,32.0,1881.0,25,app
5454,42.0,1777.95,41,app
5455,30.0,1893.38,36,web
5456,48.0,2616.6,1,store
5457,29.0,918.67,5,app
5458,45.0,2889.34,6,store
5459,26.0,1055.7,10,app
5460,27.0,1030.17,13,app
5461,45.0,3354.39,2,web
5462,15.0,810.24,12,app
5463,40.0,2100.63,35,web
5464,34.0,2192.65,43,web
5465,52.0,3245.08,1,web
5466,23.0,879.33,6,app
5467,34.0,1110.71,7,app
5468,25.0,946.12,9,store
5469,48.0,3475.14,7,store
5470,41.0,3674.64,7,store
5471,47.0,3176.16,2,app
5472,25.0,986.18,16,app
5473,21.0,790.31,12,web
5474,22.0,911.5,12,web
5475,49.0,2875.97,5,app
5476,48.0,2518.51,3,web
5477,33.0,1762.21,31,store
5478,14.0,969.83,7,web
5479,23.0,757.73,11,app
5480,45.0,3173.98,5,store
5481,27.0,914.64,10,app
5482,22.0,791.01,15,web
5483,46.0,3028.84,2,store
5484,39.0,2098.45,39,web
5485,51.0,3500.43,2,store
5486,28.0,911.45,16,app
5487,28.0,943.99,11,web
5488,51.0,3605.64,5,app
5489,18.0,840.35,13,app
5490,35.0,945.42,12,app
5491,24.0,968.63,12,app
5492,47.0,3310.84,0,store
5493,51.0,3269.61,3,store
5494,49.0,3349.56,3,store
5495,34.0,1835.1,31,web
5496,34.0,1952.88,33,store
5497,31.0,936.24,10,app
5498,26.0,855.37,14,app
5499,30.0,976.09,17,app
5500,25.0,953.14,12,app
5501,48.0,2858.63,3,store
5502,24.0,884.37,14,app
5503,47.0,3487.17,2,web
5504,22.0,912.21,15,web
5505,32.0,883.85,16,app
5506,51.0,2914.67,4,app
5507,46.0,3252.42,3,web
5508,47.0,3038.16,3,store
5509,52.0,3402.21,3,store
5510,35.0,1815.62,42,web
5511,23.0,908.84,9,app
5512,31.0,941.64,9,store
5513,25.0,1048.19,11,web
5514,27.0,771.2,13,app
5515,30.0,1747.97,41,web
5516,32.0,1635.33,24,app
5517,55.0,3524.59,1,store
5518,25.0,887.68,8,app
5519,33.0,915.3,9,app
5520,28.0,913.64,13,app
5521,27.0,929.06,11,web
5522,36.0,2070.28,35,app
5523,37.0,1881.31,32,web
5524,47.0,3112.52,2,store
5525,47.0,2796.89,7,store
5526,26.0,933.33,12,app
5527,44.0,3519.73,6,web
5528,40.0,2580.31,0,store
5529,28.0,860.33,10,store
5530,51.0,3284.66,2,store
5531,21.0,818.57,12,web
5532,45.0,3294.54,4,store
5533,16.0,969.07,14,web
5534,25.0,981.79,12,store
5535,41.0,1915.07,24,web
5536,55.0,3243.34,3,store
5537,40.0,3132.04,6,store
5538,32.0,1015.81,10,app
5539,30.0,1719.56,27,store
5540,30.0,957.33,8,app
5541,43.0,3260.79,2,web
5542,48.0,3110.2,2,store
5543,43.0,2825.37,1,store
5544,24.0,841.91,8,app
5545,22.0,1045.79,15,app
5546,53.0,3387.14,0,app
5547,47.0,3419.64,6,store
5548,46.0,3295.95,3,app
5549,40.0,833.08,16,web
5550,20.0,1005.81,10,app
5551,35.0,837.52,18,app
5552,35.0,972.1,12,app
5553,49.0,3166.64,2,store
5554,45.0,3133.87,2,store
5555,53.0,3741.26,2,store
5556,22.0,954.16,14,app
5557,33.0,1033.47,13,app
5558,36.0,1776.13,32,app
5559,40.0,1840.22,28,web
5560,39.0,1663.99,36,web
5561,45.0,3141.12,2,store
5562,52.0,3747.36,2,web
5563,24.0,802.99,13,web
5564,37.0,1867.77,23,app
5565,43.0,3440.63,2,store
5566,47.0,3120.46,4,store
5567,36.0,1031.03,10,app
5568,22.0,852.9,13,app
5569,45.0,3062.66,3,store
5570,36.0,2013.8,39,web
5571,40.0,3237.83,8,web
5572,46.0,1678.63,38,web
5573,55.0,3366.67,0,store
5574,35.0,795.11,11,app
5575,43.0,3286.62,2,store
5576,35.0,723.65,9,app
5577,35.0,926.31,7,app
5578,45.0,3035.1,1,web
5579,41.0,2213.8,28,web
5580,28.0,983.96,12,app
5581,48.0,1983.54,29,web
5582,42.0,1839.25,28,web
5583,52.0,2756.2,2,store
5584,36.0,1987.47,25,web
5585,33.0,866.59,11,app
5586,44.0,3399.71,1,web
5587,43.0,2873.61,2,store
5588,21.0,1004.55,10,store
5589,54.0,4270.42,2,store
5590,30.0,1005.28,8,app
5591,50.0,3697.56,1,web
5592,49.0,2750.87,2,app
5593,38.0,1921.28,39,store
5594,47.0,1949.43,35,app
5595,23.0,830.69,11,app
5596,22.0,872.11,18,app
5597,25.0,835.74,6,app
5598,24.0,872.58,8,app
5599,19.0,1074.29,12,app
